{"level":"info","message":"PAYMENT_GATEWAY_LOADED","provider":"Mock Airtel Money","service":"mkhondechain","timestamp":"2026-07-23 10:28:26"}
{"env":"development","level":"info","message":"SERVER_STARTED","port":"4000","service":"mkhondechain","timestamp":"2026-07-23 10:28:26"}
{"level":"info","message":"MONGODB_CONNECTED","service":"mkhondechain","timestamp":"2026-07-23 10:28:26"}
{"level":"info","message":"CREATE_GROUP_CONNECTED","service":"mkhondechain","timestamp":"2026-07-23 12:24:20"}
{"error":"Cast to ObjectId failed for value \"1234\" (type string) at path \"_id\" for model \"Admin\"","level":"error","message":"CREATE_GROUP_ERROR","service":"mkhondechain","timestamp":"2026-07-23 12:25:02"}
{"level":"info","message":"CREATE_GROUP_CONNECTED","service":"mkhondechain","timestamp":"2026-07-23 13:09:47"}
{"error":"Group validation failed: leader: Path `leader` is required.","level":"error","message":"CREATE_GROUP_ERROR","service":"mkhondechain","timestamp":"2026-07-23 13:10:00"}
{"level":"info","message":"CREATE_GROUP_CONNECTED","service":"mkhondechain","timestamp":"2026-07-23 13:39:15"}
{"level":"info","message":"CREATE_GROUP_CONNECTED","service":"mkhondechain","timestamp":"2026-07-23 13:43:46"}
{"level":"info","message":"CREATE_GROUP_CONNECTED","service":"mkhondechain","timestamp":"2026-07-23 13:46:13"}
{"groupId":"6a61ff16a49640c9fbe9e74d","leader":"6a17abc51674e7a3a9e024a2","level":"info","message":"GROUP_CREATED","name":"TENGANI VILLAGE BANK","service":"mkhondechain","timestamp":"2026-07-23 13:46:30"}
{"level":"info","message":"CREATE_ADMIN_CONNECTED","service":"mkhondechain","timestamp":"2026-07-23 13:50:58"}
{"level":"info","message":"ADMIN_CREATED","role":"superadmin","service":"mkhondechain","timestamp":"2026-07-23 13:51:34","username":"pkulinji"}
{"level":"info","message":"CREATE_GROUP_CONNECTED","service":"mkhondechain","timestamp":"2026-07-23 13:51:57"}
{"error":"Group validation failed: leader: Path `leader` is required.","level":"error","message":"CREATE_GROUP_ERROR","service":"mkhondechain","timestamp":"2026-07-23 13:52:08"}
{"level":"info","message":"CREATE_ADMIN_CONNECTED","service":"mkhondechain","timestamp":"2026-07-23 13:52:54"}
{"error":"Cast to ObjectId failed for value \"1000\" (type string) at path \"_id\" for model \"Group\"","level":"error","message":"CREATE_ADMIN_ERROR","service":"mkhondechain","timestamp":"2026-07-23 13:53:27"}
{"level":"info","message":"CREATE_ADMIN_CONNECTED","service":"mkhondechain","timestamp":"2026-07-23 13:54:29"}
{"level":"info","message":"ADMIN_CREATED","role":"superadmin","service":"mkhondechain","timestamp":"2026-07-23 13:54:44","username":"pkulinji"}
{"level":"info","message":"CREATE_GROUP_CONNECTED","service":"mkhondechain","timestamp":"2026-07-23 13:54:50"}
{"error":"Group validation failed: leader: Path `leader` is required.","level":"error","message":"CREATE_GROUP_ERROR","service":"mkhondechain","timestamp":"2026-07-23 13:55:05"}
{"level":"info","message":"CREATE_GROUP_CONNECTED","service":"mkhondechain","timestamp":"2026-07-23 13:56:22"}
{"groupId":"6a6201791cf71401dd6957fb","leader":"6a620104c34aa91e44a28226","level":"info","message":"GROUP_CREATED","name":"TENGANI VILLAGE BANK","service":"mkhondechain","timestamp":"2026-07-23 13:56:41"}
{"ip":"::1","level":"error","message":"EXPRESS_ERROR Cannot set property query of #<IncomingMessage> which has only a getter","path":"/api/auth/login","service":"mkhondechain","stack":"TypeError: Cannot set property query of #<IncomingMessage> which has only a getter\n    at /home/patrics/Desktop/INCLUDES/mkhondechain/backend/node_modules/express-mongo-sanitize/index.js:113:18\n    at Array.forEach (<anonymous>)\n    at /home/patrics/Desktop/INCLUDES/mkhondechain/backend/node_modules/express-mongo-sanitize/index.js:110:44\n    at Layer.handleRequest (/home/patrics/Desktop/INCLUDES/mkhondechain/backend/node_modules/router/lib/layer.js:152:17)\n    at trimPrefix (/home/patrics/Desktop/INCLUDES/mkhondechain/backend/node_modules/router/index.js:342:13)\n    at /home/patrics/Desktop/INCLUDES/mkhondechain/backend/node_modules/router/index.js:297:9\n    at processParams (/home/patrics/Desktop/INCLUDES/mkhondechain/backend/node_modules/router/index.js:582:12)\n    at next (/home/patrics/Desktop/INCLUDES/mkhondechain/backend/node_modules/router/index.js:291:5)\n    at /home/patrics/Desktop/INCLUDES/mkhondechain/backend/node_modules/express-rate-limit/dist/index.cjs:1053:7\n    at process.processTicksAndRejections (node:internal/process/task_queues:103:5)","timestamp":"2026-07-23 13:57:10"}
{"ip":"::1","level":"error","message":"EXPRESS_ERROR Cannot set property query of #<IncomingMessage> which has only a getter","path":"/api/auth/login","service":"mkhondechain","stack":"TypeError: Cannot set property query of #<IncomingMessage> which has only a getter\n    at /home/patrics/Desktop/INCLUDES/mkhondechain/backend/node_modules/express-mongo-sanitize/index.js:113:18\n    at Array.forEach (<anonymous>)\n    at /home/patrics/Desktop/INCLUDES/mkhondechain/backend/node_modules/express-mongo-sanitize/index.js:110:44\n    at Layer.handleRequest (/home/patrics/Desktop/INCLUDES/mkhondechain/backend/node_modules/router/lib/layer.js:152:17)\n    at trimPrefix (/home/patrics/Desktop/INCLUDES/mkhondechain/backend/node_modules/router/index.js:342:13)\n    at /home/patrics/Desktop/INCLUDES/mkhondechain/backend/node_modules/router/index.js:297:9\n    at processParams (/home/patrics/Desktop/INCLUDES/mkhondechain/backend/node_modules/router/index.js:582:12)\n    at next (/home/patrics/Desktop/INCLUDES/mkhondechain/backend/node_modules/router/index.js:291:5)\n    at /home/patrics/Desktop/INCLUDES/mkhondechain/backend/node_modules/express-rate-limit/dist/index.cjs:1053:7\n    at process.processTicksAndRejections (node:internal/process/task_queues:103:5)","timestamp":"2026-07-23 13:57:19"}
{"ip":"::1","level":"error","message":"EXPRESS_ERROR Cannot set property query of #<IncomingMessage> which has only a getter","path":"/api/auth/login","service":"mkhondechain","stack":"TypeError: Cannot set property query of #<IncomingMessage> which has only a getter\n    at /home/patrics/Desktop/INCLUDES/mkhondechain/backend/node_modules/express-mongo-sanitize/index.js:113:18\n    at Array.forEach (<anonymous>)\n    at /home/patrics/Desktop/INCLUDES/mkhondechain/backend/node_modules/express-mongo-sanitize/index.js:110:44\n    at Layer.handleRequest (/home/patrics/Desktop/INCLUDES/mkhondechain/backend/node_modules/router/lib/layer.js:152:17)\n    at trimPrefix (/home/patrics/Desktop/INCLUDES/mkhondechain/backend/node_modules/router/index.js:342:13)\n    at /home/patrics/Desktop/INCLUDES/mkhondechain/backend/node_modules/router/index.js:297:9\n    at processParams (/home/patrics/Desktop/INCLUDES/mkhondechain/backend/node_modules/router/index.js:582:12)\n    at next (/home/patrics/Desktop/INCLUDES/mkhondechain/backend/node_modules/router/index.js:291:5)\n    at /home/patrics/Desktop/INCLUDES/mkhondechain/backend/node_modules/express-rate-limit/dist/index.cjs:1053:7\n    at process.processTicksAndRejections (node:internal/process/task_queues:103:5)","timestamp":"2026-07-23 13:58:22"}
{"ip":"::1","level":"error","message":"EXPRESS_ERROR Cannot set property query of #<IncomingMessage> which has only a getter","path":"/api/auth/login","service":"mkhondechain","stack":"TypeError: Cannot set property query of #<IncomingMessage> which has only a getter\n    at /home/patrics/Desktop/INCLUDES/mkhondechain/backend/node_modules/express-mongo-sanitize/index.js:113:18\n    at Array.forEach (<anonymous>)\n    at /home/patrics/Desktop/INCLUDES/mkhondechain/backend/node_modules/express-mongo-sanitize/index.js:110:44\n    at Layer.handleRequest (/home/patrics/Desktop/INCLUDES/mkhondechain/backend/node_modules/router/lib/layer.js:152:17)\n    at trimPrefix (/home/patrics/Desktop/INCLUDES/mkhondechain/backend/node_modules/router/index.js:342:13)\n    at /home/patrics/Desktop/INCLUDES/mkhondechain/backend/node_modules/router/index.js:297:9\n    at processParams (/home/patrics/Desktop/INCLUDES/mkhondechain/backend/node_modules/router/index.js:582:12)\n    at next (/home/patrics/Desktop/INCLUDES/mkhondechain/backend/node_modules/router/index.js:291:5)\n    at /home/patrics/Desktop/INCLUDES/mkhondechain/backend/node_modules/express-rate-limit/dist/index.cjs:1053:7\n    at process.processTicksAndRejections (node:internal/process/task_queues:103:5)","timestamp":"2026-07-23 14:01:55"}
{"ip":"::1","level":"error","message":"EXPRESS_ERROR Cannot set property query of #<IncomingMessage> which has only a getter","path":"/api/auth/login","service":"mkhondechain","stack":"TypeError: Cannot set property query of #<IncomingMessage> which has only a getter\n    at /home/patrics/Desktop/INCLUDES/mkhondechain/backend/node_modules/express-mongo-sanitize/index.js:113:18\n    at Array.forEach (<anonymous>)\n    at /home/patrics/Desktop/INCLUDES/mkhondechain/backend/node_modules/express-mongo-sanitize/index.js:110:44\n    at Layer.handleRequest (/home/patrics/Desktop/INCLUDES/mkhondechain/backend/node_modules/router/lib/layer.js:152:17)\n    at trimPrefix (/home/patrics/Desktop/INCLUDES/mkhondechain/backend/node_modules/router/index.js:342:13)\n    at /home/patrics/Desktop/INCLUDES/mkhondechain/backend/node_modules/router/index.js:297:9\n    at processParams (/home/patrics/Desktop/INCLUDES/mkhondechain/backend/node_modules/router/index.js:582:12)\n    at next (/home/patrics/Desktop/INCLUDES/mkhondechain/backend/node_modules/router/index.js:291:5)\n    at /home/patrics/Desktop/INCLUDES/mkhondechain/backend/node_modules/express-rate-limit/dist/index.cjs:1053:7\n    at process.processTicksAndRejections (node:internal/process/task_queues:103:5)","timestamp":"2026-07-23 14:04:31"}
{"level":"info","message":"PAYMENT_GATEWAY_LOADED","provider":"Mock Airtel Money","service":"mkhondechain","timestamp":"2026-07-23 14:06:24"}
{"env":"development","level":"info","message":"SERVER_STARTED","port":"4000","service":"mkhondechain","timestamp":"2026-07-23 14:06:24"}
{"level":"info","message":"MONGODB_CONNECTED","service":"mkhondechain","timestamp":"2026-07-23 14:06:24"}
{"ip":"::1","level":"error","message":"EXPRESS_ERROR Cannot set property query of #<IncomingMessage> which has only a getter","path":"/api/auth/login","service":"mkhondechain","stack":"TypeError: Cannot set property query of #<IncomingMessage> which has only a getter\n    at /home/patrics/Desktop/INCLUDES/mkhondechain/backend/node_modules/express-mongo-sanitize/index.js:113:18\n    at Array.forEach (<anonymous>)\n    at /home/patrics/Desktop/INCLUDES/mkhondechain/backend/node_modules/express-mongo-sanitize/index.js:110:44\n    at Layer.handleRequest (/home/patrics/Desktop/INCLUDES/mkhondechain/backend/node_modules/router/lib/layer.js:152:17)\n    at trimPrefix (/home/patrics/Desktop/INCLUDES/mkhondechain/backend/node_modules/router/index.js:342:13)\n    at /home/patrics/Desktop/INCLUDES/mkhondechain/backend/node_modules/router/index.js:297:9\n    at processParams (/home/patrics/Desktop/INCLUDES/mkhondechain/backend/node_modules/router/index.js:582:12)\n    at next (/home/patrics/Desktop/INCLUDES/mkhondechain/backend/node_modules/router/index.js:291:5)\n    at /home/patrics/Desktop/INCLUDES/mkhondechain/backend/node_modules/express-rate-limit/dist/index.cjs:1053:7\n    at async /home/patrics/Desktop/INCLUDES/mkhondechain/backend/node_modules/express-rate-limit/dist/index.cjs:873:5","timestamp":"2026-07-23 14:06:29"}
{"ip":"::1","level":"error","message":"EXPRESS_ERROR Cannot set property query of #<IncomingMessage> which has only a getter","path":"/api/auth/login","service":"mkhondechain","stack":"TypeError: Cannot set property query of #<IncomingMessage> which has only a getter\n    at /home/patrics/Desktop/INCLUDES/mkhondechain/backend/node_modules/express-mongo-sanitize/index.js:113:18\n    at Array.forEach (<anonymous>)\n    at /home/patrics/Desktop/INCLUDES/mkhondechain/backend/node_modules/express-mongo-sanitize/index.js:110:44\n    at Layer.handleRequest (/home/patrics/Desktop/INCLUDES/mkhondechain/backend/node_modules/router/lib/layer.js:152:17)\n    at trimPrefix (/home/patrics/Desktop/INCLUDES/mkhondechain/backend/node_modules/router/index.js:342:13)\n    at /home/patrics/Desktop/INCLUDES/mkhondechain/backend/node_modules/router/index.js:297:9\n    at processParams (/home/patrics/Desktop/INCLUDES/mkhondechain/backend/node_modules/router/index.js:582:12)\n    at next (/home/patrics/Desktop/INCLUDES/mkhondechain/backend/node_modules/router/index.js:291:5)\n    at /home/patrics/Desktop/INCLUDES/mkhondechain/backend/node_modules/express-rate-limit/dist/index.cjs:1053:7\n    at async /home/patrics/Desktop/INCLUDES/mkhondechain/backend/node_modules/express-rate-limit/dist/index.cjs:873:5","timestamp":"2026-07-23 14:10:05"}
{"ip":"::1","level":"error","message":"EXPRESS_ERROR Cannot set property query of #<IncomingMessage> which has only a getter","path":"/api/auth/login","service":"mkhondechain","stack":"TypeError: Cannot set property query of #<IncomingMessage> which has only a getter\n    at /home/patrics/Desktop/INCLUDES/mkhondechain/backend/node_modules/express-mongo-sanitize/index.js:113:18\n    at Array.forEach (<anonymous>)\n    at /home/patrics/Desktop/INCLUDES/mkhondechain/backend/node_modules/express-mongo-sanitize/index.js:110:44\n    at Layer.handleRequest (/home/patrics/Desktop/INCLUDES/mkhondechain/backend/node_modules/router/lib/layer.js:152:17)\n    at trimPrefix (/home/patrics/Desktop/INCLUDES/mkhondechain/backend/node_modules/router/index.js:342:13)\n    at /home/patrics/Desktop/INCLUDES/mkhondechain/backend/node_modules/router/index.js:297:9\n    at processParams (/home/patrics/Desktop/INCLUDES/mkhondechain/backend/node_modules/router/index.js:582:12)\n    at next (/home/patrics/Desktop/INCLUDES/mkhondechain/backend/node_modules/router/index.js:291:5)\n    at /home/patrics/Desktop/INCLUDES/mkhondechain/backend/node_modules/express-rate-limit/dist/index.cjs:1053:7\n    at async /home/patrics/Desktop/INCLUDES/mkhondechain/backend/node_modules/express-rate-limit/dist/index.cjs:873:5","timestamp":"2026-07-23 14:10:10"}
{"ip":"::1","level":"error","message":"EXPRESS_ERROR Cannot set property query of #<IncomingMessage> which has only a getter","path":"/api/auth/login","service":"mkhondechain","stack":"TypeError: Cannot set property query of #<IncomingMessage> which has only a getter\n    at /home/patrics/Desktop/INCLUDES/mkhondechain/backend/node_modules/express-mongo-sanitize/index.js:113:18\n    at Array.forEach (<anonymous>)\n    at /home/patrics/Desktop/INCLUDES/mkhondechain/backend/node_modules/express-mongo-sanitize/index.js:110:44\n    at Layer.handleRequest (/home/patrics/Desktop/INCLUDES/mkhondechain/backend/node_modules/router/lib/layer.js:152:17)\n    at trimPrefix (/home/patrics/Desktop/INCLUDES/mkhondechain/backend/node_modules/router/index.js:342:13)\n    at /home/patrics/Desktop/INCLUDES/mkhondechain/backend/node_modules/router/index.js:297:9\n    at processParams (/home/patrics/Desktop/INCLUDES/mkhondechain/backend/node_modules/router/index.js:582:12)\n    at next (/home/patrics/Desktop/INCLUDES/mkhondechain/backend/node_modules/router/index.js:291:5)\n    at /home/patrics/Desktop/INCLUDES/mkhondechain/backend/node_modules/express-rate-limit/dist/index.cjs:1053:7\n    at async /home/patrics/Desktop/INCLUDES/mkhondechain/backend/node_modules/express-rate-limit/dist/index.cjs:873:5","timestamp":"2026-07-23 14:10:14"}
{"ip":"::1","level":"error","message":"EXPRESS_ERROR Cannot set property query of #<IncomingMessage> which has only a getter","path":"/api/auth/login","service":"mkhondechain","stack":"TypeError: Cannot set property query of #<IncomingMessage> which has only a getter\n    at /home/patrics/Desktop/INCLUDES/mkhondechain/backend/node_modules/express-mongo-sanitize/index.js:113:18\n    at Array.forEach (<anonymous>)\n    at /home/patrics/Desktop/INCLUDES/mkhondechain/backend/node_modules/express-mongo-sanitize/index.js:110:44\n    at Layer.handleRequest (/home/patrics/Desktop/INCLUDES/mkhondechain/backend/node_modules/router/lib/layer.js:152:17)\n    at trimPrefix (/home/patrics/Desktop/INCLUDES/mkhondechain/backend/node_modules/router/index.js:342:13)\n    at /home/patrics/Desktop/INCLUDES/mkhondechain/backend/node_modules/router/index.js:297:9\n    at processParams (/home/patrics/Desktop/INCLUDES/mkhondechain/backend/node_modules/router/index.js:582:12)\n    at next (/home/patrics/Desktop/INCLUDES/mkhondechain/backend/node_modules/router/index.js:291:5)\n    at /home/patrics/Desktop/INCLUDES/mkhondechain/backend/node_modules/express-rate-limit/dist/index.cjs:1053:7\n    at async /home/patrics/Desktop/INCLUDES/mkhondechain/backend/node_modules/express-rate-limit/dist/index.cjs:873:5","timestamp":"2026-07-23 15:40:23"}
{"ip":"::1","level":"error","message":"EXPRESS_ERROR Cannot set property query of #<IncomingMessage> which has only a getter","path":"/api/auth/login","service":"mkhondechain","stack":"TypeError: Cannot set property query of #<IncomingMessage> which has only a getter\n    at /home/patrics/Desktop/INCLUDES/mkhondechain/backend/node_modules/express-mongo-sanitize/index.js:113:18\n    at Array.forEach (<anonymous>)\n    at /home/patrics/Desktop/INCLUDES/mkhondechain/backend/node_modules/express-mongo-sanitize/index.js:110:44\n    at Layer.handleRequest (/home/patrics/Desktop/INCLUDES/mkhondechain/backend/node_modules/router/lib/layer.js:152:17)\n    at trimPrefix (/home/patrics/Desktop/INCLUDES/mkhondechain/backend/node_modules/router/index.js:342:13)\n    at /home/patrics/Desktop/INCLUDES/mkhondechain/backend/node_modules/router/index.js:297:9\n    at processParams (/home/patrics/Desktop/INCLUDES/mkhondechain/backend/node_modules/router/index.js:582:12)\n    at next (/home/patrics/Desktop/INCLUDES/mkhondechain/backend/node_modules/router/index.js:291:5)\n    at /home/patrics/Desktop/INCLUDES/mkhondechain/backend/node_modules/express-rate-limit/dist/index.cjs:1053:7\n    at async /home/patrics/Desktop/INCLUDES/mkhondechain/backend/node_modules/express-rate-limit/dist/index.cjs:873:5","timestamp":"2026-07-23 15:40:30"}
{"level":"info","message":"PAYMENT_GATEWAY_LOADED","provider":"Mock Airtel Money","service":"mkhondechain","timestamp":"2026-07-23 15:43:41"}
{"env":"development","level":"info","message":"SERVER_STARTED","port":"4000","service":"mkhondechain","timestamp":"2026-07-23 15:43:41"}
{"level":"info","message":"MONGODB_CONNECTED","service":"mkhondechain","timestamp":"2026-07-23 15:43:41"}
{"admin":"pkulinji","adminId":"6a620104c34aa91e44a28226","ip":"::1","level":"info","message":"LOGIN_SUCCESS","service":"mkhondechain","timestamp":"2026-07-23 15:44:21"}
{"level":"info","message":"PAYMENT_GATEWAY_LOADED","provider":"Mock Airtel Money","service":"mkhondechain","timestamp":"2026-07-24 09:58:56"}
{"env":"development","level":"info","message":"SERVER_STARTED","port":"4000","service":"mkhondechain","timestamp":"2026-07-24 09:58:56"}
{"level":"info","message":"POSTGRES_CONNECTED","service":"mkhondechain","timestamp":"2026-07-24 09:58:56"}
{"level":"info","message":"CREATE_ADMIN_CONNECTED","service":"mkhondechain","timestamp":"2026-07-24 13:56:41"}
{"level":"info","message":"CREATE_ADMIN_CONNECTED","service":"mkhondechain","timestamp":"2026-07-24 13:57:08"}
{"level":"info","message":"ADMIN_CREATED","role":"superadmin","service":"mkhondechain","timestamp":"2026-07-24 13:57:28","username":"pkulinji"}
{"error":"Operation `admins.findOne()` buffering timed out after 10000ms","ip":"::1","level":"error","message":"LOGIN_ERROR","service":"mkhondechain","timestamp":"2026-07-24 14:03:00"}
{"error":"Operation `admins.findOne()` buffering timed out after 10000ms","ip":"::1","level":"error","message":"LOGIN_ERROR","service":"mkhondechain","timestamp":"2026-07-24 14:03:35"}
{"error":"Operation `admins.findOne()` buffering timed out after 10000ms","ip":"::1","level":"error","message":"LOGIN_ERROR","service":"mkhondechain","timestamp":"2026-07-24 14:03:59"}
{"level":"info","message":"PAYMENT_GATEWAY_LOADED","provider":"Mock Airtel Money","service":"mkhondechain","timestamp":"2026-07-24 14:04:44"}
{"env":"development","level":"info","message":"SERVER_STARTED","port":"4000","service":"mkhondechain","timestamp":"2026-07-24 14:04:44"}
{"level":"info","message":"POSTGRES_CONNECTED","service":"mkhondechain","timestamp":"2026-07-24 14:04:44"}
{"admin":"pkulinji","ip":"::1","level":"info","message":"LOGIN_SUCCESS","service":"mkhondechain","timestamp":"2026-07-24 14:05:01"}
{"error":"Operation `members.distinct()` buffering timed out after 10000ms","level":"error","message":"GET_PENDING_LOANS_ERROR","service":"mkhondechain","timestamp":"2026-07-24 14:05:12"}
{"error":"Operation `transactions.find()` buffering timed out after 10000ms","level":"error","message":"DASHBOARD_ACTIVITY_ERROR","service":"mkhondechain","timestamp":"2026-07-24 14:05:12"}
{"error":"Operation `groups.find()` buffering timed out after 10000ms","level":"error","message":"DASHBOARD_SUMMARY_ERROR","service":"mkhondechain","timestamp":"2026-07-24 14:05:12"}
{"error":"Operation `members.distinct()` buffering timed out after 10000ms","level":"error","message":"GET_PENDING_LOANS_ERROR","service":"mkhondechain","timestamp":"2026-07-24 14:05:12"}
{"error":"Operation `transactions.find()` buffering timed out after 10000ms","level":"error","message":"DASHBOARD_ACTIVITY_ERROR","service":"mkhondechain","timestamp":"2026-07-24 14:05:12"}
{"error":"Operation `groups.find()` buffering timed out after 10000ms","level":"error","message":"DASHBOARD_SUMMARY_ERROR","service":"mkhondechain","timestamp":"2026-07-24 14:05:12"}
{"error":"Operation `groups.find()` buffering timed out after 10000ms","level":"error","message":"DASHBOARD_SUMMARY_ERROR","service":"mkhondechain","timestamp":"2026-07-24 14:05:27"}
{"error":"Operation `groups.find()` buffering timed out after 10000ms","level":"error","message":"DASHBOARD_SUMMARY_ERROR","service":"mkhondechain","timestamp":"2026-07-24 14:05:42"}
{"error":"Operation `groups.find()` buffering timed out after 10000ms","level":"error","message":"DASHBOARD_SUMMARY_ERROR","service":"mkhondechain","timestamp":"2026-07-24 14:05:57"}
{"error":"Operation `groups.find()` buffering timed out after 10000ms","level":"error","message":"DASHBOARD_SUMMARY_ERROR","service":"mkhondechain","timestamp":"2026-07-24 14:06:12"}
{"error":"Operation `groups.find()` buffering timed out after 10000ms","level":"error","message":"DASHBOARD_SUMMARY_ERROR","service":"mkhondechain","timestamp":"2026-07-24 14:06:27"}
{"error":"Operation `groups.find()` buffering timed out after 10000ms","level":"error","message":"DASHBOARD_SUMMARY_ERROR","service":"mkhondechain","timestamp":"2026-07-24 14:06:42"}
{"level":"info","message":"CREATE_GROUP_CONNECTED","service":"mkhondechain","timestamp":"2026-07-24 14:06:53"}
{"error":"Operation `groups.find()` buffering timed out after 10000ms","level":"error","message":"DASHBOARD_SUMMARY_ERROR","service":"mkhondechain","timestamp":"2026-07-24 14:06:57"}
{"error":"Operation `groups.find()` buffering timed out after 10000ms","level":"error","message":"DASHBOARD_SUMMARY_ERROR","service":"mkhondechain","timestamp":"2026-07-24 14:07:12"}
{"error":"Operation `groups.find()` buffering timed out after 10000ms","level":"error","message":"DASHBOARD_SUMMARY_ERROR","service":"mkhondechain","timestamp":"2026-07-24 14:07:27"}
{"error":"Operation `groups.find()` buffering timed out after 10000ms","level":"error","message":"DASHBOARD_SUMMARY_ERROR","service":"mkhondechain","timestamp":"2026-07-24 14:07:42"}
{"error":"Operation `groups.find()` buffering timed out after 10000ms","level":"error","message":"DASHBOARD_SUMMARY_ERROR","service":"mkhondechain","timestamp":"2026-07-24 14:07:57"}
{"error":"Operation `groups.find()` buffering timed out after 10000ms","level":"error","message":"DASHBOARD_SUMMARY_ERROR","service":"mkhondechain","timestamp":"2026-07-24 14:08:12"}
{"error":"Operation `groups.find()` buffering timed out after 10000ms","level":"error","message":"DASHBOARD_SUMMARY_ERROR","service":"mkhondechain","timestamp":"2026-07-24 14:08:27"}
{"error":"Operation `groups.find()` buffering timed out after 10000ms","level":"error","message":"DASHBOARD_SUMMARY_ERROR","service":"mkhondechain","timestamp":"2026-07-24 14:08:43"}
{"error":"Operation `groups.find()` buffering timed out after 10000ms","level":"error","message":"DASHBOARD_SUMMARY_ERROR","service":"mkhondechain","timestamp":"2026-07-24 14:08:58"}
{"groupId":"cmrywd4lg0001cp80lol7jinv","leader":"cmryvy8460001cprir9036ozj","level":"info","message":"GROUP_CREATED","name":"TENGANI VILLAGE BANK","service":"mkhondechain","timestamp":"2026-07-24 14:09:03"}
{"error":"Operation `groups.find()` buffering timed out after 10000ms","level":"error","message":"DASHBOARD_SUMMARY_ERROR","service":"mkhondechain","timestamp":"2026-07-24 14:09:13"}
{"error":"Operation `groups.find()` buffering timed out after 10000ms","level":"error","message":"DASHBOARD_SUMMARY_ERROR","service":"mkhondechain","timestamp":"2026-07-24 14:09:28"}
{"level":"info","message":"CREATE_ADMIN_CONNECTED","service":"mkhondechain","timestamp":"2026-07-24 14:10:37"}
{"error":"Operation `groups.find()` buffering timed out after 10000ms","level":"error","message":"DASHBOARD_SUMMARY_ERROR","service":"mkhondechain","timestamp":"2026-07-24 14:10:39"}
{"error":"Operation `groups.find()` buffering timed out after 10000ms","level":"error","message":"DASHBOARD_SUMMARY_ERROR","service":"mkhondechain","timestamp":"2026-07-24 14:11:40"}
{"level":"info","message":"CREATE_ADMIN_CONNECTED","service":"mkhondechain","timestamp":"2026-07-24 14:12:23"}
{"error":"Operation `groups.find()` buffering timed out after 10000ms","level":"error","message":"DASHBOARD_SUMMARY_ERROR","service":"mkhondechain","timestamp":"2026-07-24 14:12:40"}
{"level":"info","message":"ADMIN_CREATED","role":"admin","service":"mkhondechain","timestamp":"2026-07-24 14:13:05","username":"tenganileader"}
{"error":"Operation `groups.find()` buffering timed out after 10000ms","level":"error","message":"DASHBOARD_SUMMARY_ERROR","service":"mkhondechain","timestamp":"2026-07-24 14:13:40"}
{"error":"Operation `groups.find()` buffering timed out after 10000ms","level":"error","message":"DASHBOARD_SUMMARY_ERROR","service":"mkhondechain","timestamp":"2026-07-24 14:14:40"}
{"error":"Operation `groups.find()` buffering timed out after 10000ms","level":"error","message":"DASHBOARD_SUMMARY_ERROR","service":"mkhondechain","timestamp":"2026-07-24 14:15:40"}
{"error":"Operation `groups.find()` buffering timed out after 10000ms","level":"error","message":"DASHBOARD_SUMMARY_ERROR","service":"mkhondechain","timestamp":"2026-07-24 14:16:40"}
{"error":"Operation `groups.find()` buffering timed out after 10000ms","level":"error","message":"DASHBOARD_SUMMARY_ERROR","service":"mkhondechain","timestamp":"2026-07-24 14:17:40"}
{"error":"Operation `groups.find()` buffering timed out after 10000ms","level":"error","message":"DASHBOARD_SUMMARY_ERROR","service":"mkhondechain","timestamp":"2026-07-24 14:18:40"}
{"error":"Operation `groups.find()` buffering timed out after 10000ms","level":"error","message":"DASHBOARD_SUMMARY_ERROR","service":"mkhondechain","timestamp":"2026-07-24 14:19:40"}
{"error":"Operation `groups.find()` buffering timed out after 10000ms","level":"error","message":"DASHBOARD_SUMMARY_ERROR","service":"mkhondechain","timestamp":"2026-07-24 14:20:40"}
{"error":"Operation `groups.find()` buffering timed out after 10000ms","level":"error","message":"DASHBOARD_SUMMARY_ERROR","service":"mkhondechain","timestamp":"2026-07-24 14:21:40"}
{"error":"Operation `groups.find()` buffering timed out after 10000ms","level":"error","message":"DASHBOARD_SUMMARY_ERROR","service":"mkhondechain","timestamp":"2026-07-24 14:22:40"}
{"error":"Operation `groups.find()` buffering timed out after 10000ms","level":"error","message":"DASHBOARD_SUMMARY_ERROR","service":"mkhondechain","timestamp":"2026-07-24 14:23:40"}
{"error":"Operation `groups.find()` buffering timed out after 10000ms","level":"error","message":"DASHBOARD_SUMMARY_ERROR","service":"mkhondechain","timestamp":"2026-07-24 14:24:40"}
{"error":"Operation `groups.find()` buffering timed out after 10000ms","level":"error","message":"DASHBOARD_SUMMARY_ERROR","service":"mkhondechain","timestamp":"2026-07-24 14:25:40"}
{"error":"Operation `groups.find()` buffering timed out after 10000ms","level":"error","message":"DASHBOARD_SUMMARY_ERROR","service":"mkhondechain","timestamp":"2026-07-24 14:26:40"}
{"error":"Operation `groups.find()` buffering timed out after 10000ms","level":"error","message":"DASHBOARD_SUMMARY_ERROR","service":"mkhondechain","timestamp":"2026-07-24 14:27:40"}
{"error":"Operation `groups.find()` buffering timed out after 10000ms","level":"error","message":"DASHBOARD_SUMMARY_ERROR","service":"mkhondechain","timestamp":"2026-07-24 14:28:40"}
{"error":"Operation `groups.find()` buffering timed out after 10000ms","level":"error","message":"DASHBOARD_SUMMARY_ERROR","service":"mkhondechain","timestamp":"2026-07-24 14:29:40"}
{"error":"Operation `groups.find()` buffering timed out after 10000ms","level":"error","message":"DASHBOARD_SUMMARY_ERROR","service":"mkhondechain","timestamp":"2026-07-24 14:30:40"}
{"error":"Operation `groups.find()` buffering timed out after 10000ms","level":"error","message":"DASHBOARD_SUMMARY_ERROR","service":"mkhondechain","timestamp":"2026-07-24 14:31:40"}
{"error":"Operation `groups.find()` buffering timed out after 10000ms","level":"error","message":"DASHBOARD_SUMMARY_ERROR","service":"mkhondechain","timestamp":"2026-07-24 14:32:13"}
{"admin":"tenganileader","ip":"::1","level":"info","message":"LOGIN_SUCCESS","service":"mkhondechain","timestamp":"2026-07-24 14:41:32"}
{"error":"Cast to ObjectId failed for value \"cmrywd4lg0001cp80lol7jinv\" (type string) at path \"groupId\" for model \"Member\"","level":"error","message":"GET_PENDING_LOANS_ERROR","service":"mkhondechain","timestamp":"2026-07-24 14:41:33"}
{"error":"Cast to ObjectId failed for value \"cmrywd4lg0001cp80lol7jinv\" (type string) at path \"groupId\" for model \"Transaction\"","level":"error","message":"DASHBOARD_ACTIVITY_ERROR","service":"mkhondechain","timestamp":"2026-07-24 14:41:33"}
{"error":"Cast to ObjectId failed for value \"cmrywd4lg0001cp80lol7jinv\" (type string) at path \"groupId\" for model \"Transaction\"","level":"error","message":"DASHBOARD_ACTIVITY_ERROR","service":"mkhondechain","timestamp":"2026-07-24 14:41:33"}
{"error":"Cast to ObjectId failed for value \"cmrywd4lg0001cp80lol7jinv\" (type string) at path \"_id\" for model \"Group\"","level":"error","message":"DASHBOARD_SUMMARY_ERROR","service":"mkhondechain","timestamp":"2026-07-24 14:41:33"}
{"error":"Cast to ObjectId failed for value \"cmrywd4lg0001cp80lol7jinv\" (type string) at path \"_id\" for model \"Group\"","level":"error","message":"DASHBOARD_SUMMARY_ERROR","service":"mkhondechain","timestamp":"2026-07-24 14:41:33"}
{"error":"Cast to ObjectId failed for value \"cmrywd4lg0001cp80lol7jinv\" (type string) at path \"groupId\" for model \"Member\"","level":"error","message":"GET_PENDING_LOANS_ERROR","service":"mkhondechain","timestamp":"2026-07-24 14:41:33"}
{"error":"Cast to ObjectId failed for value \"cmrywd4lg0001cp80lol7jinv\" (type string) at path \"_id\" for model \"Group\"","level":"error","message":"DASHBOARD_SUMMARY_ERROR","service":"mkhondechain","timestamp":"2026-07-24 14:41:47"}
{"error":"Cast to ObjectId failed for value \"cmrywd4lg0001cp80lol7jinv\" (type string) at path \"_id\" for model \"Group\"","level":"error","message":"DASHBOARD_SUMMARY_ERROR","service":"mkhondechain","timestamp":"2026-07-24 14:42:03"}
{"error":"Cast to ObjectId failed for value \"cmrywd4lg0001cp80lol7jinv\" (type string) at path \"_id\" for model \"Group\"","level":"error","message":"DASHBOARD_SUMMARY_ERROR","service":"mkhondechain","timestamp":"2026-07-24 14:42:18"}
{"error":"Cast to ObjectId failed for value \"cmrywd4lg0001cp80lol7jinv\" (type string) at path \"_id\" for model \"Group\"","level":"error","message":"DASHBOARD_SUMMARY_ERROR","service":"mkhondechain","timestamp":"2026-07-24 14:42:33"}
{"error":"Cast to ObjectId failed for value \"cmrywd4lg0001cp80lol7jinv\" (type string) at path \"_id\" for model \"Group\"","level":"error","message":"DASHBOARD_SUMMARY_ERROR","service":"mkhondechain","timestamp":"2026-07-24 14:42:48"}
{"error":"Cast to ObjectId failed for value \"cmrywd4lg0001cp80lol7jinv\" (type string) at path \"_id\" for model \"Group\"","level":"error","message":"DASHBOARD_SUMMARY_ERROR","service":"mkhondechain","timestamp":"2026-07-24 14:43:03"}
{"error":"Cast to ObjectId failed for value \"cmrywd4lg0001cp80lol7jinv\" (type string) at path \"_id\" for model \"Group\"","level":"error","message":"DASHBOARD_SUMMARY_ERROR","service":"mkhondechain","timestamp":"2026-07-24 14:43:30"}
{"error":"Cast to ObjectId failed for value \"cmrywd4lg0001cp80lol7jinv\" (type string) at path \"_id\" for model \"Group\"","level":"error","message":"DASHBOARD_SUMMARY_ERROR","service":"mkhondechain","timestamp":"2026-07-24 14:44:30"}
{"error":"Cast to ObjectId failed for value \"cmrywd4lg0001cp80lol7jinv\" (type string) at path \"_id\" for model \"Group\"","level":"error","message":"DASHBOARD_SUMMARY_ERROR","service":"mkhondechain","timestamp":"2026-07-24 14:45:30"}
{"error":"Cast to ObjectId failed for value \"cmrywd4lg0001cp80lol7jinv\" (type string) at path \"_id\" for model \"Group\"","level":"error","message":"DASHBOARD_SUMMARY_ERROR","service":"mkhondechain","timestamp":"2026-07-24 14:45:46"}
{"error":"Cast to ObjectId failed for value \"cmrywd4lg0001cp80lol7jinv\" (type string) at path \"_id\" for model \"Group\"","level":"error","message":"DASHBOARD_SUMMARY_ERROR","service":"mkhondechain","timestamp":"2026-07-24 14:45:48"}
{"error":"Cast to ObjectId failed for value \"cmrywd4lg0001cp80lol7jinv\" (type string) at path \"_id\" for model \"Group\"","level":"error","message":"DASHBOARD_SUMMARY_ERROR","service":"mkhondechain","timestamp":"2026-07-24 14:46:03"}
{"error":"Cast to ObjectId failed for value \"cmrywd4lg0001cp80lol7jinv\" (type string) at path \"_id\" for model \"Group\"","level":"error","message":"DASHBOARD_SUMMARY_ERROR","service":"mkhondechain","timestamp":"2026-07-24 14:46:18"}
{"error":"Cast to ObjectId failed for value \"cmrywd4lg0001cp80lol7jinv\" (type string) at path \"_id\" for model \"Group\"","level":"error","message":"DASHBOARD_SUMMARY_ERROR","service":"mkhondechain","timestamp":"2026-07-24 14:46:33"}
{"error":"Cast to ObjectId failed for value \"cmrywd4lg0001cp80lol7jinv\" (type string) at path \"_id\" for model \"Group\"","level":"error","message":"DASHBOARD_SUMMARY_ERROR","service":"mkhondechain","timestamp":"2026-07-24 14:47:30"}
{"error":"Cast to ObjectId failed for value \"cmrywd4lg0001cp80lol7jinv\" (type string) at path \"_id\" for model \"Group\"","level":"error","message":"DASHBOARD_SUMMARY_ERROR","service":"mkhondechain","timestamp":"2026-07-24 14:48:30"}
{"error":"Cast to ObjectId failed for value \"cmrywd4lg0001cp80lol7jinv\" (type string) at path \"_id\" for model \"Group\"","level":"error","message":"DASHBOARD_SUMMARY_ERROR","service":"mkhondechain","timestamp":"2026-07-24 14:49:30"}
{"error":"Cast to ObjectId failed for value \"cmrywd4lg0001cp80lol7jinv\" (type string) at path \"_id\" for model \"Group\"","level":"error","message":"DASHBOARD_SUMMARY_ERROR","service":"mkhondechain","timestamp":"2026-07-24 14:50:30"}
{"error":"Cast to ObjectId failed for value \"cmrywd4lg0001cp80lol7jinv\" (type string) at path \"_id\" for model \"Group\"","level":"error","message":"DASHBOARD_SUMMARY_ERROR","service":"mkhondechain","timestamp":"2026-07-24 14:51:30"}
{"error":"Cast to ObjectId failed for value \"cmrywd4lg0001cp80lol7jinv\" (type string) at path \"_id\" for model \"Group\"","level":"error","message":"DASHBOARD_SUMMARY_ERROR","service":"mkhondechain","timestamp":"2026-07-24 14:52:30"}
{"error":"Cast to ObjectId failed for value \"cmrywd4lg0001cp80lol7jinv\" (type string) at path \"_id\" for model \"Group\"","level":"error","message":"DASHBOARD_SUMMARY_ERROR","service":"mkhondechain","timestamp":"2026-07-24 14:53:30"}
{"error":"Cast to ObjectId failed for value \"cmrywd4lg0001cp80lol7jinv\" (type string) at path \"_id\" for model \"Group\"","level":"error","message":"DASHBOARD_SUMMARY_ERROR","service":"mkhondechain","timestamp":"2026-07-24 14:54:30"}
{"error":"Cast to ObjectId failed for value \"cmrywd4lg0001cp80lol7jinv\" (type string) at path \"_id\" for model \"Group\"","level":"error","message":"DASHBOARD_SUMMARY_ERROR","service":"mkhondechain","timestamp":"2026-07-24 14:55:30"}
{"error":"Cast to ObjectId failed for value \"cmrywd4lg0001cp80lol7jinv\" (type string) at path \"_id\" for model \"Group\"","level":"error","message":"DASHBOARD_SUMMARY_ERROR","service":"mkhondechain","timestamp":"2026-07-24 14:56:30"}
{"error":"Cast to ObjectId failed for value \"cmrywd4lg0001cp80lol7jinv\" (type string) at path \"_id\" for model \"Group\"","level":"error","message":"DASHBOARD_SUMMARY_ERROR","service":"mkhondechain","timestamp":"2026-07-24 14:57:30"}
{"error":"Cast to ObjectId failed for value \"cmrywd4lg0001cp80lol7jinv\" (type string) at path \"_id\" for model \"Group\"","level":"error","message":"DASHBOARD_SUMMARY_ERROR","service":"mkhondechain","timestamp":"2026-07-24 14:58:30"}
{"error":"Cast to ObjectId failed for value \"cmrywd4lg0001cp80lol7jinv\" (type string) at path \"_id\" for model \"Group\"","level":"error","message":"DASHBOARD_SUMMARY_ERROR","service":"mkhondechain","timestamp":"2026-07-24 14:59:30"}
{"error":"Cast to ObjectId failed for value \"cmrywd4lg0001cp80lol7jinv\" (type string) at path \"_id\" for model \"Group\"","level":"error","message":"DASHBOARD_SUMMARY_ERROR","service":"mkhondechain","timestamp":"2026-07-24 15:00:30"}
{"error":"Cast to ObjectId failed for value \"cmrywd4lg0001cp80lol7jinv\" (type string) at path \"_id\" for model \"Group\"","level":"error","message":"DASHBOARD_SUMMARY_ERROR","service":"mkhondechain","timestamp":"2026-07-24 15:01:30"}
{"error":"Cast to ObjectId failed for value \"cmrywd4lg0001cp80lol7jinv\" (type string) at path \"_id\" for model \"Group\"","level":"error","message":"DASHBOARD_SUMMARY_ERROR","service":"mkhondechain","timestamp":"2026-07-24 15:02:30"}
{"error":"Cast to ObjectId failed for value \"cmrywd4lg0001cp80lol7jinv\" (type string) at path \"_id\" for model \"Group\"","level":"error","message":"DASHBOARD_SUMMARY_ERROR","service":"mkhondechain","timestamp":"2026-07-24 15:03:30"}
{"error":"Cast to ObjectId failed for value \"cmrywd4lg0001cp80lol7jinv\" (type string) at path \"_id\" for model \"Group\"","level":"error","message":"DASHBOARD_SUMMARY_ERROR","service":"mkhondechain","timestamp":"2026-07-24 15:04:30"}
{"error":"Cast to ObjectId failed for value \"cmrywd4lg0001cp80lol7jinv\" (type string) at path \"_id\" for model \"Group\"","level":"error","message":"DASHBOARD_SUMMARY_ERROR","service":"mkhondechain","timestamp":"2026-07-24 15:05:30"}
{"error":"Cast to ObjectId failed for value \"cmrywd4lg0001cp80lol7jinv\" (type string) at path \"_id\" for model \"Group\"","level":"error","message":"DASHBOARD_SUMMARY_ERROR","service":"mkhondechain","timestamp":"2026-07-24 15:06:30"}
{"error":"Cast to ObjectId failed for value \"cmrywd4lg0001cp80lol7jinv\" (type string) at path \"_id\" for model \"Group\"","level":"error","message":"DASHBOARD_SUMMARY_ERROR","service":"mkhondechain","timestamp":"2026-07-24 15:07:30"}
{"error":"Cast to ObjectId failed for value \"cmrywd4lg0001cp80lol7jinv\" (type string) at path \"_id\" for model \"Group\"","level":"error","message":"DASHBOARD_SUMMARY_ERROR","service":"mkhondechain","timestamp":"2026-07-24 15:08:30"}
{"error":"Cast to ObjectId failed for value \"cmrywd4lg0001cp80lol7jinv\" (type string) at path \"_id\" for model \"Group\"","level":"error","message":"DASHBOARD_SUMMARY_ERROR","service":"mkhondechain","timestamp":"2026-07-24 15:09:30"}
{"error":"Cast to ObjectId failed for value \"cmrywd4lg0001cp80lol7jinv\" (type string) at path \"_id\" for model \"Group\"","level":"error","message":"DASHBOARD_SUMMARY_ERROR","service":"mkhondechain","timestamp":"2026-07-24 15:10:30"}
{"error":"Cast to ObjectId failed for value \"cmrywd4lg0001cp80lol7jinv\" (type string) at path \"_id\" for model \"Group\"","level":"error","message":"DASHBOARD_SUMMARY_ERROR","service":"mkhondechain","timestamp":"2026-07-24 15:11:30"}
{"error":"Cast to ObjectId failed for value \"cmrywd4lg0001cp80lol7jinv\" (type string) at path \"_id\" for model \"Group\"","level":"error","message":"DASHBOARD_SUMMARY_ERROR","service":"mkhondechain","timestamp":"2026-07-24 15:12:30"}
{"error":"Cast to ObjectId failed for value \"cmrywd4lg0001cp80lol7jinv\" (type string) at path \"_id\" for model \"Group\"","level":"error","message":"DASHBOARD_SUMMARY_ERROR","service":"mkhondechain","timestamp":"2026-07-24 15:13:30"}
{"error":"Cast to ObjectId failed for value \"cmrywd4lg0001cp80lol7jinv\" (type string) at path \"_id\" for model \"Group\"","level":"error","message":"DASHBOARD_SUMMARY_ERROR","service":"mkhondechain","timestamp":"2026-07-24 15:14:30"}
{"error":"Cast to ObjectId failed for value \"cmrywd4lg0001cp80lol7jinv\" (type string) at path \"_id\" for model \"Group\"","level":"error","message":"DASHBOARD_SUMMARY_ERROR","service":"mkhondechain","timestamp":"2026-07-24 15:15:30"}
{"error":"Cast to ObjectId failed for value \"cmrywd4lg0001cp80lol7jinv\" (type string) at path \"_id\" for model \"Group\"","level":"error","message":"DASHBOARD_SUMMARY_ERROR","service":"mkhondechain","timestamp":"2026-07-24 15:16:30"}
{"error":"Cast to ObjectId failed for value \"cmrywd4lg0001cp80lol7jinv\" (type string) at path \"_id\" for model \"Group\"","level":"error","message":"DASHBOARD_SUMMARY_ERROR","service":"mkhondechain","timestamp":"2026-07-24 15:17:30"}
{"error":"Cast to ObjectId failed for value \"cmrywd4lg0001cp80lol7jinv\" (type string) at path \"_id\" for model \"Group\"","level":"error","message":"DASHBOARD_SUMMARY_ERROR","service":"mkhondechain","timestamp":"2026-07-24 15:18:30"}
{"error":"Cast to ObjectId failed for value \"cmrywd4lg0001cp80lol7jinv\" (type string) at path \"_id\" for model \"Group\"","level":"error","message":"DASHBOARD_SUMMARY_ERROR","service":"mkhondechain","timestamp":"2026-07-24 15:19:30"}
{"error":"Cast to ObjectId failed for value \"cmrywd4lg0001cp80lol7jinv\" (type string) at path \"_id\" for model \"Group\"","level":"error","message":"DASHBOARD_SUMMARY_ERROR","service":"mkhondechain","timestamp":"2026-07-24 15:20:30"}
{"error":"Cast to ObjectId failed for value \"cmrywd4lg0001cp80lol7jinv\" (type string) at path \"_id\" for model \"Group\"","level":"error","message":"DASHBOARD_SUMMARY_ERROR","service":"mkhondechain","timestamp":"2026-07-24 15:21:30"}
{"error":"Cast to ObjectId failed for value \"cmrywd4lg0001cp80lol7jinv\" (type string) at path \"_id\" for model \"Group\"","level":"error","message":"DASHBOARD_SUMMARY_ERROR","service":"mkhondechain","timestamp":"2026-07-24 15:22:30"}
{"error":"Cast to ObjectId failed for value \"cmrywd4lg0001cp80lol7jinv\" (type string) at path \"_id\" for model \"Group\"","level":"error","message":"DASHBOARD_SUMMARY_ERROR","service":"mkhondechain","timestamp":"2026-07-24 15:23:31"}
{"error":"Cast to ObjectId failed for value \"cmrywd4lg0001cp80lol7jinv\" (type string) at path \"_id\" for model \"Group\"","level":"error","message":"DASHBOARD_SUMMARY_ERROR","service":"mkhondechain","timestamp":"2026-07-24 15:24:30"}
{"error":"Cast to ObjectId failed for value \"cmrywd4lg0001cp80lol7jinv\" (type string) at path \"_id\" for model \"Group\"","level":"error","message":"DASHBOARD_SUMMARY_ERROR","service":"mkhondechain","timestamp":"2026-07-24 15:25:30"}
{"error":"Cast to ObjectId failed for value \"cmrywd4lg0001cp80lol7jinv\" (type string) at path \"_id\" for model \"Group\"","level":"error","message":"DASHBOARD_SUMMARY_ERROR","service":"mkhondechain","timestamp":"2026-07-24 15:26:30"}
{"error":"Cast to ObjectId failed for value \"cmrywd4lg0001cp80lol7jinv\" (type string) at path \"_id\" for model \"Group\"","level":"error","message":"DASHBOARD_SUMMARY_ERROR","service":"mkhondechain","timestamp":"2026-07-24 15:27:30"}
{"error":"Cast to ObjectId failed for value \"cmrywd4lg0001cp80lol7jinv\" (type string) at path \"_id\" for model \"Group\"","level":"error","message":"DASHBOARD_SUMMARY_ERROR","service":"mkhondechain","timestamp":"2026-07-24 15:28:30"}
{"error":"Cast to ObjectId failed for value \"cmrywd4lg0001cp80lol7jinv\" (type string) at path \"_id\" for model \"Group\"","level":"error","message":"DASHBOARD_SUMMARY_ERROR","service":"mkhondechain","timestamp":"2026-07-24 15:29:30"}
{"error":"Cast to ObjectId failed for value \"cmrywd4lg0001cp80lol7jinv\" (type string) at path \"_id\" for model \"Group\"","level":"error","message":"DASHBOARD_SUMMARY_ERROR","service":"mkhondechain","timestamp":"2026-07-24 15:30:30"}
{"error":"Cast to ObjectId failed for value \"cmrywd4lg0001cp80lol7jinv\" (type string) at path \"_id\" for model \"Group\"","level":"error","message":"DASHBOARD_SUMMARY_ERROR","service":"mkhondechain","timestamp":"2026-07-24 15:31:30"}
{"error":"Cast to ObjectId failed for value \"cmrywd4lg0001cp80lol7jinv\" (type string) at path \"_id\" for model \"Group\"","level":"error","message":"DASHBOARD_SUMMARY_ERROR","service":"mkhondechain","timestamp":"2026-07-24 15:32:30"}
{"error":"Cast to ObjectId failed for value \"cmrywd4lg0001cp80lol7jinv\" (type string) at path \"_id\" for model \"Group\"","level":"error","message":"DASHBOARD_SUMMARY_ERROR","service":"mkhondechain","timestamp":"2026-07-24 15:33:30"}
{"error":"Cast to ObjectId failed for value \"cmrywd4lg0001cp80lol7jinv\" (type string) at path \"_id\" for model \"Group\"","level":"error","message":"DASHBOARD_SUMMARY_ERROR","service":"mkhondechain","timestamp":"2026-07-24 15:34:30"}
{"error":"Cast to ObjectId failed for value \"cmrywd4lg0001cp80lol7jinv\" (type string) at path \"_id\" for model \"Group\"","level":"error","message":"DASHBOARD_SUMMARY_ERROR","service":"mkhondechain","timestamp":"2026-07-24 15:35:30"}
{"error":"Cast to ObjectId failed for value \"cmrywd4lg0001cp80lol7jinv\" (type string) at path \"_id\" for model \"Group\"","level":"error","message":"DASHBOARD_SUMMARY_ERROR","service":"mkhondechain","timestamp":"2026-07-24 15:36:30"}
{"error":"Cast to ObjectId failed for value \"cmrywd4lg0001cp80lol7jinv\" (type string) at path \"_id\" for model \"Group\"","level":"error","message":"DASHBOARD_SUMMARY_ERROR","service":"mkhondechain","timestamp":"2026-07-24 15:37:30"}
{"error":"Cast to ObjectId failed for value \"cmrywd4lg0001cp80lol7jinv\" (type string) at path \"_id\" for model \"Group\"","level":"error","message":"DASHBOARD_SUMMARY_ERROR","service":"mkhondechain","timestamp":"2026-07-24 15:38:30"}
{"error":"Cast to ObjectId failed for value \"cmrywd4lg0001cp80lol7jinv\" (type string) at path \"_id\" for model \"Group\"","level":"error","message":"DASHBOARD_SUMMARY_ERROR","service":"mkhondechain","timestamp":"2026-07-24 15:39:30"}
{"error":"Cast to ObjectId failed for value \"cmrywd4lg0001cp80lol7jinv\" (type string) at path \"_id\" for model \"Group\"","level":"error","message":"DASHBOARD_SUMMARY_ERROR","service":"mkhondechain","timestamp":"2026-07-24 15:39:58"}
{"error":"Cast to ObjectId failed for value \"cmrywd4lg0001cp80lol7jinv\" (type string) at path \"_id\" for model \"Group\"","level":"error","message":"DASHBOARD_SUMMARY_ERROR","service":"mkhondechain","timestamp":"2026-07-24 15:40:03"}
{"error":"Cast to ObjectId failed for value \"cmrywd4lg0001cp80lol7jinv\" (type string) at path \"_id\" for model \"Group\"","level":"error","message":"DASHBOARD_SUMMARY_ERROR","service":"mkhondechain","timestamp":"2026-07-24 15:40:18"}
{"error":"Cast to ObjectId failed for value \"cmrywd4lg0001cp80lol7jinv\" (type string) at path \"_id\" for model \"Group\"","level":"error","message":"DASHBOARD_SUMMARY_ERROR","service":"mkhondechain","timestamp":"2026-07-24 15:40:33"}
{"error":"Cast to ObjectId failed for value \"cmrywd4lg0001cp80lol7jinv\" (type string) at path \"_id\" for model \"Group\"","level":"error","message":"DASHBOARD_SUMMARY_ERROR","service":"mkhondechain","timestamp":"2026-07-24 15:40:48"}
{"error":"Cast to ObjectId failed for value \"cmrywd4lg0001cp80lol7jinv\" (type string) at path \"_id\" for model \"Group\"","level":"error","message":"DASHBOARD_SUMMARY_ERROR","service":"mkhondechain","timestamp":"2026-07-24 15:41:30"}
{"error":"Cast to ObjectId failed for value \"cmrywd4lg0001cp80lol7jinv\" (type string) at path \"_id\" for model \"Group\"","level":"error","message":"DASHBOARD_SUMMARY_ERROR","service":"mkhondechain","timestamp":"2026-07-24 15:42:30"}
{"error":"Cast to ObjectId failed for value \"cmrywd4lg0001cp80lol7jinv\" (type string) at path \"_id\" for model \"Group\"","level":"error","message":"DASHBOARD_SUMMARY_ERROR","service":"mkhondechain","timestamp":"2026-07-24 15:43:30"}
{"error":"Cast to ObjectId failed for value \"cmrywd4lg0001cp80lol7jinv\" (type string) at path \"_id\" for model \"Group\"","level":"error","message":"DASHBOARD_SUMMARY_ERROR","service":"mkhondechain","timestamp":"2026-07-24 15:44:30"}
{"error":"Cast to ObjectId failed for value \"cmrywd4lg0001cp80lol7jinv\" (type string) at path \"_id\" for model \"Group\"","level":"error","message":"DASHBOARD_SUMMARY_ERROR","service":"mkhondechain","timestamp":"2026-07-24 15:45:30"}
{"error":"Cast to ObjectId failed for value \"cmrywd4lg0001cp80lol7jinv\" (type string) at path \"_id\" for model \"Group\"","level":"error","message":"DASHBOARD_SUMMARY_ERROR","service":"mkhondechain","timestamp":"2026-07-24 15:46:30"}
{"error":"Cast to ObjectId failed for value \"cmrywd4lg0001cp80lol7jinv\" (type string) at path \"_id\" for model \"Group\"","level":"error","message":"DASHBOARD_SUMMARY_ERROR","service":"mkhondechain","timestamp":"2026-07-24 15:47:30"}
{"error":"Cast to ObjectId failed for value \"cmrywd4lg0001cp80lol7jinv\" (type string) at path \"_id\" for model \"Group\"","level":"error","message":"DASHBOARD_SUMMARY_ERROR","service":"mkhondechain","timestamp":"2026-07-24 15:48:30"}
{"error":"Cast to ObjectId failed for value \"cmrywd4lg0001cp80lol7jinv\" (type string) at path \"_id\" for model \"Group\"","level":"error","message":"DASHBOARD_SUMMARY_ERROR","service":"mkhondechain","timestamp":"2026-07-24 15:49:30"}
{"error":"Cast to ObjectId failed for value \"cmrywd4lg0001cp80lol7jinv\" (type string) at path \"_id\" for model \"Group\"","level":"error","message":"DASHBOARD_SUMMARY_ERROR","service":"mkhondechain","timestamp":"2026-07-24 15:50:30"}
{"error":"Cast to ObjectId failed for value \"cmrywd4lg0001cp80lol7jinv\" (type string) at path \"_id\" for model \"Group\"","level":"error","message":"DASHBOARD_SUMMARY_ERROR","service":"mkhondechain","timestamp":"2026-07-24 15:51:30"}
{"error":"Cast to ObjectId failed for value \"cmrywd4lg0001cp80lol7jinv\" (type string) at path \"_id\" for model \"Group\"","level":"error","message":"DASHBOARD_SUMMARY_ERROR","service":"mkhondechain","timestamp":"2026-07-24 15:52:30"}
{"error":"Cast to ObjectId failed for value \"cmrywd4lg0001cp80lol7jinv\" (type string) at path \"_id\" for model \"Group\"","level":"error","message":"DASHBOARD_SUMMARY_ERROR","service":"mkhondechain","timestamp":"2026-07-24 15:53:30"}
{"error":"Cast to ObjectId failed for value \"cmrywd4lg0001cp80lol7jinv\" (type string) at path \"_id\" for model \"Group\"","level":"error","message":"DASHBOARD_SUMMARY_ERROR","service":"mkhondechain","timestamp":"2026-07-24 15:54:30"}
{"error":"Cast to ObjectId failed for value \"cmrywd4lg0001cp80lol7jinv\" (type string) at path \"_id\" for model \"Group\"","level":"error","message":"DASHBOARD_SUMMARY_ERROR","service":"mkhondechain","timestamp":"2026-07-24 15:55:30"}
{"error":"Cast to ObjectId failed for value \"cmrywd4lg0001cp80lol7jinv\" (type string) at path \"_id\" for model \"Group\"","level":"error","message":"DASHBOARD_SUMMARY_ERROR","service":"mkhondechain","timestamp":"2026-07-24 15:56:30"}
{"error":"Cast to ObjectId failed for value \"cmrywd4lg0001cp80lol7jinv\" (type string) at path \"_id\" for model \"Group\"","level":"error","message":"DASHBOARD_SUMMARY_ERROR","service":"mkhondechain","timestamp":"2026-07-24 15:57:30"}
{"error":"Cast to ObjectId failed for value \"cmrywd4lg0001cp80lol7jinv\" (type string) at path \"_id\" for model \"Group\"","level":"error","message":"DASHBOARD_SUMMARY_ERROR","service":"mkhondechain","timestamp":"2026-07-24 15:58:30"}
{"error":"Cast to ObjectId failed for value \"cmrywd4lg0001cp80lol7jinv\" (type string) at path \"_id\" for model \"Group\"","level":"error","message":"DASHBOARD_SUMMARY_ERROR","service":"mkhondechain","timestamp":"2026-07-24 15:59:30"}
{"error":"Cast to ObjectId failed for value \"cmrywd4lg0001cp80lol7jinv\" (type string) at path \"_id\" for model \"Group\"","level":"error","message":"DASHBOARD_SUMMARY_ERROR","service":"mkhondechain","timestamp":"2026-07-24 16:00:30"}
{"error":"Cast to ObjectId failed for value \"cmrywd4lg0001cp80lol7jinv\" (type string) at path \"_id\" for model \"Group\"","level":"error","message":"DASHBOARD_SUMMARY_ERROR","service":"mkhondechain","timestamp":"2026-07-24 16:01:30"}
{"error":"Cast to ObjectId failed for value \"cmrywd4lg0001cp80lol7jinv\" (type string) at path \"_id\" for model \"Group\"","level":"error","message":"DASHBOARD_SUMMARY_ERROR","service":"mkhondechain","timestamp":"2026-07-24 16:02:30"}
{"error":"Cast to ObjectId failed for value \"cmrywd4lg0001cp80lol7jinv\" (type string) at path \"_id\" for model \"Group\"","level":"error","message":"DASHBOARD_SUMMARY_ERROR","service":"mkhondechain","timestamp":"2026-07-24 16:03:30"}
{"error":"Cast to ObjectId failed for value \"cmrywd4lg0001cp80lol7jinv\" (type string) at path \"_id\" for model \"Group\"","level":"error","message":"DASHBOARD_SUMMARY_ERROR","service":"mkhondechain","timestamp":"2026-07-24 16:04:30"}
{"error":"Cast to ObjectId failed for value \"cmrywd4lg0001cp80lol7jinv\" (type string) at path \"_id\" for model \"Group\"","level":"error","message":"DASHBOARD_SUMMARY_ERROR","service":"mkhondechain","timestamp":"2026-07-24 16:05:30"}
{"error":"Cast to ObjectId failed for value \"cmrywd4lg0001cp80lol7jinv\" (type string) at path \"_id\" for model \"Group\"","level":"error","message":"DASHBOARD_SUMMARY_ERROR","service":"mkhondechain","timestamp":"2026-07-24 16:06:30"}
{"error":"Cast to ObjectId failed for value \"cmrywd4lg0001cp80lol7jinv\" (type string) at path \"_id\" for model \"Group\"","level":"error","message":"DASHBOARD_SUMMARY_ERROR","service":"mkhondechain","timestamp":"2026-07-24 16:07:30"}
{"error":"Cast to ObjectId failed for value \"cmrywd4lg0001cp80lol7jinv\" (type string) at path \"_id\" for model \"Group\"","level":"error","message":"DASHBOARD_SUMMARY_ERROR","service":"mkhondechain","timestamp":"2026-07-24 16:08:30"}
{"error":"Cast to ObjectId failed for value \"cmrywd4lg0001cp80lol7jinv\" (type string) at path \"_id\" for model \"Group\"","level":"error","message":"DASHBOARD_SUMMARY_ERROR","service":"mkhondechain","timestamp":"2026-07-24 16:09:30"}
{"error":"Cast to ObjectId failed for value \"cmrywd4lg0001cp80lol7jinv\" (type string) at path \"_id\" for model \"Group\"","level":"error","message":"DASHBOARD_SUMMARY_ERROR","service":"mkhondechain","timestamp":"2026-07-24 16:10:30"}
{"error":"Cast to ObjectId failed for value \"cmrywd4lg0001cp80lol7jinv\" (type string) at path \"_id\" for model \"Group\"","level":"error","message":"DASHBOARD_SUMMARY_ERROR","service":"mkhondechain","timestamp":"2026-07-24 16:11:30"}
{"error":"Cast to ObjectId failed for value \"cmrywd4lg0001cp80lol7jinv\" (type string) at path \"_id\" for model \"Group\"","level":"error","message":"DASHBOARD_SUMMARY_ERROR","service":"mkhondechain","timestamp":"2026-07-24 16:12:30"}
{"error":"Cast to ObjectId failed for value \"cmrywd4lg0001cp80lol7jinv\" (type string) at path \"_id\" for model \"Group\"","level":"error","message":"DASHBOARD_SUMMARY_ERROR","service":"mkhondechain","timestamp":"2026-07-24 16:13:30"}
{"error":"Cast to ObjectId failed for value \"cmrywd4lg0001cp80lol7jinv\" (type string) at path \"_id\" for model \"Group\"","level":"error","message":"DASHBOARD_SUMMARY_ERROR","service":"mkhondechain","timestamp":"2026-07-24 16:14:30"}
{"error":"Cast to ObjectId failed for value \"cmrywd4lg0001cp80lol7jinv\" (type string) at path \"_id\" for model \"Group\"","level":"error","message":"DASHBOARD_SUMMARY_ERROR","service":"mkhondechain","timestamp":"2026-07-24 16:15:30"}
{"error":"Cast to ObjectId failed for value \"cmrywd4lg0001cp80lol7jinv\" (type string) at path \"_id\" for model \"Group\"","level":"error","message":"DASHBOARD_SUMMARY_ERROR","service":"mkhondechain","timestamp":"2026-07-24 16:16:30"}
{"error":"Cast to ObjectId failed for value \"cmrywd4lg0001cp80lol7jinv\" (type string) at path \"_id\" for model \"Group\"","level":"error","message":"DASHBOARD_SUMMARY_ERROR","service":"mkhondechain","timestamp":"2026-07-24 16:17:30"}
{"error":"Cast to ObjectId failed for value \"cmrywd4lg0001cp80lol7jinv\" (type string) at path \"_id\" for model \"Group\"","level":"error","message":"DASHBOARD_SUMMARY_ERROR","service":"mkhondechain","timestamp":"2026-07-24 16:18:30"}
{"error":"Cast to ObjectId failed for value \"cmrywd4lg0001cp80lol7jinv\" (type string) at path \"_id\" for model \"Group\"","level":"error","message":"DASHBOARD_SUMMARY_ERROR","service":"mkhondechain","timestamp":"2026-07-24 16:19:30"}
{"error":"Cast to ObjectId failed for value \"cmrywd4lg0001cp80lol7jinv\" (type string) at path \"_id\" for model \"Group\"","level":"error","message":"DASHBOARD_SUMMARY_ERROR","service":"mkhondechain","timestamp":"2026-07-24 16:20:30"}
{"error":"Cast to ObjectId failed for value \"cmrywd4lg0001cp80lol7jinv\" (type string) at path \"_id\" for model \"Group\"","level":"error","message":"DASHBOARD_SUMMARY_ERROR","service":"mkhondechain","timestamp":"2026-07-24 16:21:30"}
{"error":"Cast to ObjectId failed for value \"cmrywd4lg0001cp80lol7jinv\" (type string) at path \"_id\" for model \"Group\"","level":"error","message":"DASHBOARD_SUMMARY_ERROR","service":"mkhondechain","timestamp":"2026-07-24 16:22:30"}
{"error":"Cast to ObjectId failed for value \"cmrywd4lg0001cp80lol7jinv\" (type string) at path \"_id\" for model \"Group\"","level":"error","message":"DASHBOARD_SUMMARY_ERROR","service":"mkhondechain","timestamp":"2026-07-24 16:23:30"}
{"error":"Cast to ObjectId failed for value \"cmrywd4lg0001cp80lol7jinv\" (type string) at path \"_id\" for model \"Group\"","level":"error","message":"DASHBOARD_SUMMARY_ERROR","service":"mkhondechain","timestamp":"2026-07-24 16:24:30"}
{"error":"Cast to ObjectId failed for value \"cmrywd4lg0001cp80lol7jinv\" (type string) at path \"_id\" for model \"Group\"","level":"error","message":"DASHBOARD_SUMMARY_ERROR","service":"mkhondechain","timestamp":"2026-07-24 16:25:30"}
{"error":"Cast to ObjectId failed for value \"cmrywd4lg0001cp80lol7jinv\" (type string) at path \"_id\" for model \"Group\"","level":"error","message":"DASHBOARD_SUMMARY_ERROR","service":"mkhondechain","timestamp":"2026-07-24 16:26:30"}
{"error":"Cast to ObjectId failed for value \"cmrywd4lg0001cp80lol7jinv\" (type string) at path \"_id\" for model \"Group\"","level":"error","message":"DASHBOARD_SUMMARY_ERROR","service":"mkhondechain","timestamp":"2026-07-24 16:27:30"}
{"error":"Cast to ObjectId failed for value \"cmrywd4lg0001cp80lol7jinv\" (type string) at path \"_id\" for model \"Group\"","level":"error","message":"DASHBOARD_SUMMARY_ERROR","service":"mkhondechain","timestamp":"2026-07-24 16:28:30"}
{"error":"Cast to ObjectId failed for value \"cmrywd4lg0001cp80lol7jinv\" (type string) at path \"groupId\" for model \"Member\"","level":"error","message":"GET_PENDING_LOANS_ERROR","service":"mkhondechain","timestamp":"2026-07-24 16:29:20"}
{"error":"Cast to ObjectId failed for value \"cmrywd4lg0001cp80lol7jinv\" (type string) at path \"groupId\" for model \"Transaction\"","level":"error","message":"DASHBOARD_ACTIVITY_ERROR","service":"mkhondechain","timestamp":"2026-07-24 16:29:20"}
{"error":"Cast to ObjectId failed for value \"cmrywd4lg0001cp80lol7jinv\" (type string) at path \"_id\" for model \"Group\"","level":"error","message":"DASHBOARD_SUMMARY_ERROR","service":"mkhondechain","timestamp":"2026-07-24 16:29:20"}
{"error":"Cast to ObjectId failed for value \"cmrywd4lg0001cp80lol7jinv\" (type string) at path \"groupId\" for model \"Member\"","level":"error","message":"GET_PENDING_LOANS_ERROR","service":"mkhondechain","timestamp":"2026-07-24 16:29:21"}
{"error":"Cast to ObjectId failed for value \"cmrywd4lg0001cp80lol7jinv\" (type string) at path \"_id\" for model \"Group\"","level":"error","message":"DASHBOARD_SUMMARY_ERROR","service":"mkhondechain","timestamp":"2026-07-24 16:29:21"}
{"error":"Cast to ObjectId failed for value \"cmrywd4lg0001cp80lol7jinv\" (type string) at path \"groupId\" for model \"Transaction\"","level":"error","message":"DASHBOARD_ACTIVITY_ERROR","service":"mkhondechain","timestamp":"2026-07-24 16:29:21"}
{"error":"Cast to ObjectId failed for value \"cmrywd4lg0001cp80lol7jinv\" (type string) at path \"_id\" for model \"Group\"","level":"error","message":"DASHBOARD_SUMMARY_ERROR","service":"mkhondechain","timestamp":"2026-07-24 16:29:36"}
{"error":"Cast to ObjectId failed for value \"cmrywd4lg0001cp80lol7jinv\" (type string) at path \"_id\" for model \"Group\"","level":"error","message":"DASHBOARD_SUMMARY_ERROR","service":"mkhondechain","timestamp":"2026-07-24 16:29:51"}
{"error":"Cast to ObjectId failed for value \"cmrywd4lg0001cp80lol7jinv\" (type string) at path \"_id\" for model \"Group\"","level":"error","message":"DASHBOARD_SUMMARY_ERROR","service":"mkhondechain","timestamp":"2026-07-24 16:30:06"}
{"error":"Cast to ObjectId failed for value \"cmrywd4lg0001cp80lol7jinv\" (type string) at path \"_id\" for model \"Group\"","level":"error","message":"DASHBOARD_SUMMARY_ERROR","service":"mkhondechain","timestamp":"2026-07-24 16:30:21"}
{"error":"Cast to ObjectId failed for value \"cmrywd4lg0001cp80lol7jinv\" (type string) at path \"_id\" for model \"Group\"","level":"error","message":"DASHBOARD_SUMMARY_ERROR","service":"mkhondechain","timestamp":"2026-07-24 16:30:36"}
{"error":"Cast to ObjectId failed for value \"cmrywd4lg0001cp80lol7jinv\" (type string) at path \"_id\" for model \"Group\"","level":"error","message":"DASHBOARD_SUMMARY_ERROR","service":"mkhondechain","timestamp":"2026-07-24 16:30:51"}
{"error":"Cast to ObjectId failed for value \"cmrywd4lg0001cp80lol7jinv\" (type string) at path \"_id\" for model \"Group\"","level":"error","message":"DASHBOARD_SUMMARY_ERROR","service":"mkhondechain","timestamp":"2026-07-24 16:31:30"}
{"error":"Cast to ObjectId failed for value \"cmrywd4lg0001cp80lol7jinv\" (type string) at path \"_id\" for model \"Group\"","level":"error","message":"DASHBOARD_SUMMARY_ERROR","service":"mkhondechain","timestamp":"2026-07-24 16:32:30"}
{"error":"Cast to ObjectId failed for value \"cmrywd4lg0001cp80lol7jinv\" (type string) at path \"_id\" for model \"Group\"","level":"error","message":"DASHBOARD_SUMMARY_ERROR","service":"mkhondechain","timestamp":"2026-07-24 16:33:30"}
{"error":"Cast to ObjectId failed for value \"cmrywd4lg0001cp80lol7jinv\" (type string) at path \"_id\" for model \"Group\"","level":"error","message":"DASHBOARD_SUMMARY_ERROR","service":"mkhondechain","timestamp":"2026-07-24 16:34:30"}
{"error":"Cast to ObjectId failed for value \"cmrywd4lg0001cp80lol7jinv\" (type string) at path \"_id\" for model \"Group\"","level":"error","message":"DASHBOARD_SUMMARY_ERROR","service":"mkhondechain","timestamp":"2026-07-24 16:35:30"}
{"error":"Cast to ObjectId failed for value \"cmrywd4lg0001cp80lol7jinv\" (type string) at path \"_id\" for model \"Group\"","level":"error","message":"DASHBOARD_SUMMARY_ERROR","service":"mkhondechain","timestamp":"2026-07-24 16:36:30"}
{"error":"Cast to ObjectId failed for value \"cmrywd4lg0001cp80lol7jinv\" (type string) at path \"_id\" for model \"Group\"","level":"error","message":"DASHBOARD_SUMMARY_ERROR","service":"mkhondechain","timestamp":"2026-07-24 16:37:30"}
{"error":"Cast to ObjectId failed for value \"cmrywd4lg0001cp80lol7jinv\" (type string) at path \"_id\" for model \"Group\"","level":"error","message":"DASHBOARD_SUMMARY_ERROR","service":"mkhondechain","timestamp":"2026-07-24 16:38:30"}
{"error":"Cast to ObjectId failed for value \"cmrywd4lg0001cp80lol7jinv\" (type string) at path \"_id\" for model \"Group\"","level":"error","message":"DASHBOARD_SUMMARY_ERROR","service":"mkhondechain","timestamp":"2026-07-24 16:39:30"}
{"error":"Cast to ObjectId failed for value \"cmrywd4lg0001cp80lol7jinv\" (type string) at path \"_id\" for model \"Group\"","level":"error","message":"DASHBOARD_SUMMARY_ERROR","service":"mkhondechain","timestamp":"2026-07-24 16:40:30"}
{"error":"Cast to ObjectId failed for value \"cmrywd4lg0001cp80lol7jinv\" (type string) at path \"_id\" for model \"Group\"","level":"error","message":"DASHBOARD_SUMMARY_ERROR","service":"mkhondechain","timestamp":"2026-07-24 16:41:30"}
{"error":"Cast to ObjectId failed for value \"cmrywd4lg0001cp80lol7jinv\" (type string) at path \"_id\" for model \"Group\"","level":"error","message":"DASHBOARD_SUMMARY_ERROR","service":"mkhondechain","timestamp":"2026-07-24 16:42:30"}
{"error":"Cast to ObjectId failed for value \"cmrywd4lg0001cp80lol7jinv\" (type string) at path \"_id\" for model \"Group\"","level":"error","message":"DASHBOARD_SUMMARY_ERROR","service":"mkhondechain","timestamp":"2026-07-24 16:43:30"}
{"error":"Cast to ObjectId failed for value \"cmrywd4lg0001cp80lol7jinv\" (type string) at path \"_id\" for model \"Group\"","level":"error","message":"DASHBOARD_SUMMARY_ERROR","service":"mkhondechain","timestamp":"2026-07-24 16:44:30"}
{"error":"Cast to ObjectId failed for value \"cmrywd4lg0001cp80lol7jinv\" (type string) at path \"_id\" for model \"Group\"","level":"error","message":"DASHBOARD_SUMMARY_ERROR","service":"mkhondechain","timestamp":"2026-07-24 16:45:30"}
{"error":"Cast to ObjectId failed for value \"cmrywd4lg0001cp80lol7jinv\" (type string) at path \"_id\" for model \"Group\"","level":"error","message":"DASHBOARD_SUMMARY_ERROR","service":"mkhondechain","timestamp":"2026-07-24 16:46:30"}
{"error":"Cast to ObjectId failed for value \"cmrywd4lg0001cp80lol7jinv\" (type string) at path \"_id\" for model \"Group\"","level":"error","message":"DASHBOARD_SUMMARY_ERROR","service":"mkhondechain","timestamp":"2026-07-24 16:47:30"}
{"error":"Cast to ObjectId failed for value \"cmrywd4lg0001cp80lol7jinv\" (type string) at path \"_id\" for model \"Group\"","level":"error","message":"DASHBOARD_SUMMARY_ERROR","service":"mkhondechain","timestamp":"2026-07-24 16:48:30"}
{"error":"Cast to ObjectId failed for value \"cmrywd4lg0001cp80lol7jinv\" (type string) at path \"_id\" for model \"Group\"","level":"error","message":"DASHBOARD_SUMMARY_ERROR","service":"mkhondechain","timestamp":"2026-07-24 16:49:30"}
{"error":"Cast to ObjectId failed for value \"cmrywd4lg0001cp80lol7jinv\" (type string) at path \"_id\" for model \"Group\"","level":"error","message":"DASHBOARD_SUMMARY_ERROR","service":"mkhondechain","timestamp":"2026-07-24 16:50:30"}
{"error":"Cast to ObjectId failed for value \"cmrywd4lg0001cp80lol7jinv\" (type string) at path \"_id\" for model \"Group\"","level":"error","message":"DASHBOARD_SUMMARY_ERROR","service":"mkhondechain","timestamp":"2026-07-24 16:51:30"}
{"error":"Cast to ObjectId failed for value \"cmrywd4lg0001cp80lol7jinv\" (type string) at path \"_id\" for model \"Group\"","level":"error","message":"DASHBOARD_SUMMARY_ERROR","service":"mkhondechain","timestamp":"2026-07-24 16:52:30"}
{"error":"Cast to ObjectId failed for value \"cmrywd4lg0001cp80lol7jinv\" (type string) at path \"_id\" for model \"Group\"","level":"error","message":"DASHBOARD_SUMMARY_ERROR","service":"mkhondechain","timestamp":"2026-07-24 16:53:30"}
{"error":"Cast to ObjectId failed for value \"cmrywd4lg0001cp80lol7jinv\" (type string) at path \"_id\" for model \"Group\"","level":"error","message":"DASHBOARD_SUMMARY_ERROR","service":"mkhondechain","timestamp":"2026-07-24 16:54:30"}
{"error":"Cast to ObjectId failed for value \"cmrywd4lg0001cp80lol7jinv\" (type string) at path \"_id\" for model \"Group\"","level":"error","message":"DASHBOARD_SUMMARY_ERROR","service":"mkhondechain","timestamp":"2026-07-24 16:55:30"}
{"error":"Cast to ObjectId failed for value \"cmrywd4lg0001cp80lol7jinv\" (type string) at path \"_id\" for model \"Group\"","level":"error","message":"DASHBOARD_SUMMARY_ERROR","service":"mkhondechain","timestamp":"2026-07-24 16:56:30"}
{"error":"Cast to ObjectId failed for value \"cmrywd4lg0001cp80lol7jinv\" (type string) at path \"_id\" for model \"Group\"","level":"error","message":"DASHBOARD_SUMMARY_ERROR","service":"mkhondechain","timestamp":"2026-07-24 16:57:30"}
{"error":"Cast to ObjectId failed for value \"cmrywd4lg0001cp80lol7jinv\" (type string) at path \"_id\" for model \"Group\"","level":"error","message":"DASHBOARD_SUMMARY_ERROR","service":"mkhondechain","timestamp":"2026-07-24 16:58:30"}
{"error":"Cast to ObjectId failed for value \"cmrywd4lg0001cp80lol7jinv\" (type string) at path \"_id\" for model \"Group\"","level":"error","message":"DASHBOARD_SUMMARY_ERROR","service":"mkhondechain","timestamp":"2026-07-24 16:59:30"}
{"error":"Cast to ObjectId failed for value \"cmrywd4lg0001cp80lol7jinv\" (type string) at path \"_id\" for model \"Group\"","level":"error","message":"DASHBOARD_SUMMARY_ERROR","service":"mkhondechain","timestamp":"2026-07-24 17:00:30"}
{"error":"Cast to ObjectId failed for value \"cmrywd4lg0001cp80lol7jinv\" (type string) at path \"_id\" for model \"Group\"","level":"error","message":"DASHBOARD_SUMMARY_ERROR","service":"mkhondechain","timestamp":"2026-07-24 17:01:30"}
{"error":"Cast to ObjectId failed for value \"cmrywd4lg0001cp80lol7jinv\" (type string) at path \"_id\" for model \"Group\"","level":"error","message":"DASHBOARD_SUMMARY_ERROR","service":"mkhondechain","timestamp":"2026-07-24 17:02:30"}
{"error":"Cast to ObjectId failed for value \"cmrywd4lg0001cp80lol7jinv\" (type string) at path \"_id\" for model \"Group\"","level":"error","message":"DASHBOARD_SUMMARY_ERROR","service":"mkhondechain","timestamp":"2026-07-24 17:03:30"}
{"error":"Cast to ObjectId failed for value \"cmrywd4lg0001cp80lol7jinv\" (type string) at path \"_id\" for model \"Group\"","level":"error","message":"DASHBOARD_SUMMARY_ERROR","service":"mkhondechain","timestamp":"2026-07-24 17:04:30"}
{"error":"Cast to ObjectId failed for value \"cmrywd4lg0001cp80lol7jinv\" (type string) at path \"_id\" for model \"Group\"","level":"error","message":"DASHBOARD_SUMMARY_ERROR","service":"mkhondechain","timestamp":"2026-07-24 17:05:30"}
{"error":"Cast to ObjectId failed for value \"cmrywd4lg0001cp80lol7jinv\" (type string) at path \"_id\" for model \"Group\"","level":"error","message":"DASHBOARD_SUMMARY_ERROR","service":"mkhondechain","timestamp":"2026-07-24 17:06:30"}
{"error":"Cast to ObjectId failed for value \"cmrywd4lg0001cp80lol7jinv\" (type string) at path \"_id\" for model \"Group\"","level":"error","message":"DASHBOARD_SUMMARY_ERROR","service":"mkhondechain","timestamp":"2026-07-24 17:07:30"}
{"error":"Cast to ObjectId failed for value \"cmrywd4lg0001cp80lol7jinv\" (type string) at path \"_id\" for model \"Group\"","level":"error","message":"DASHBOARD_SUMMARY_ERROR","service":"mkhondechain","timestamp":"2026-07-24 17:08:30"}
{"error":"Cast to ObjectId failed for value \"cmrywd4lg0001cp80lol7jinv\" (type string) at path \"_id\" for model \"Group\"","level":"error","message":"DASHBOARD_SUMMARY_ERROR","service":"mkhondechain","timestamp":"2026-07-24 17:09:30"}
{"error":"Cast to ObjectId failed for value \"cmrywd4lg0001cp80lol7jinv\" (type string) at path \"_id\" for model \"Group\"","level":"error","message":"DASHBOARD_SUMMARY_ERROR","service":"mkhondechain","timestamp":"2026-07-24 17:10:30"}
{"error":"Cast to ObjectId failed for value \"cmrywd4lg0001cp80lol7jinv\" (type string) at path \"_id\" for model \"Group\"","level":"error","message":"DASHBOARD_SUMMARY_ERROR","service":"mkhondechain","timestamp":"2026-07-24 17:11:30"}
{"error":"Cast to ObjectId failed for value \"cmrywd4lg0001cp80lol7jinv\" (type string) at path \"_id\" for model \"Group\"","level":"error","message":"DASHBOARD_SUMMARY_ERROR","service":"mkhondechain","timestamp":"2026-07-24 17:12:30"}
{"error":"Cast to ObjectId failed for value \"cmrywd4lg0001cp80lol7jinv\" (type string) at path \"_id\" for model \"Group\"","level":"error","message":"DASHBOARD_SUMMARY_ERROR","service":"mkhondechain","timestamp":"2026-07-24 17:13:30"}
{"error":"Cast to ObjectId failed for value \"cmrywd4lg0001cp80lol7jinv\" (type string) at path \"_id\" for model \"Group\"","level":"error","message":"DASHBOARD_SUMMARY_ERROR","service":"mkhondechain","timestamp":"2026-07-24 17:14:30"}
{"error":"Cast to ObjectId failed for value \"cmrywd4lg0001cp80lol7jinv\" (type string) at path \"_id\" for model \"Group\"","level":"error","message":"DASHBOARD_SUMMARY_ERROR","service":"mkhondechain","timestamp":"2026-07-24 17:15:30"}
{"error":"Cast to ObjectId failed for value \"cmrywd4lg0001cp80lol7jinv\" (type string) at path \"_id\" for model \"Group\"","level":"error","message":"DASHBOARD_SUMMARY_ERROR","service":"mkhondechain","timestamp":"2026-07-24 17:16:30"}
{"error":"Cast to ObjectId failed for value \"cmrywd4lg0001cp80lol7jinv\" (type string) at path \"_id\" for model \"Group\"","level":"error","message":"DASHBOARD_SUMMARY_ERROR","service":"mkhondechain","timestamp":"2026-07-24 17:17:30"}
{"error":"Cast to ObjectId failed for value \"cmrywd4lg0001cp80lol7jinv\" (type string) at path \"_id\" for model \"Group\"","level":"error","message":"DASHBOARD_SUMMARY_ERROR","service":"mkhondechain","timestamp":"2026-07-24 17:18:30"}
{"error":"Cast to ObjectId failed for value \"cmrywd4lg0001cp80lol7jinv\" (type string) at path \"_id\" for model \"Group\"","level":"error","message":"DASHBOARD_SUMMARY_ERROR","service":"mkhondechain","timestamp":"2026-07-24 17:19:30"}
{"error":"Cast to ObjectId failed for value \"cmrywd4lg0001cp80lol7jinv\" (type string) at path \"_id\" for model \"Group\"","level":"error","message":"DASHBOARD_SUMMARY_ERROR","service":"mkhondechain","timestamp":"2026-07-24 17:20:30"}
{"error":"Cast to ObjectId failed for value \"cmrywd4lg0001cp80lol7jinv\" (type string) at path \"_id\" for model \"Group\"","level":"error","message":"DASHBOARD_SUMMARY_ERROR","service":"mkhondechain","timestamp":"2026-07-24 17:21:30"}
{"error":"Cast to ObjectId failed for value \"cmrywd4lg0001cp80lol7jinv\" (type string) at path \"_id\" for model \"Group\"","level":"error","message":"DASHBOARD_SUMMARY_ERROR","service":"mkhondechain","timestamp":"2026-07-24 17:22:30"}
{"error":"Cast to ObjectId failed for value \"cmrywd4lg0001cp80lol7jinv\" (type string) at path \"_id\" for model \"Group\"","level":"error","message":"DASHBOARD_SUMMARY_ERROR","service":"mkhondechain","timestamp":"2026-07-24 17:23:30"}
{"error":"Cast to ObjectId failed for value \"cmrywd4lg0001cp80lol7jinv\" (type string) at path \"_id\" for model \"Group\"","level":"error","message":"DASHBOARD_SUMMARY_ERROR","service":"mkhondechain","timestamp":"2026-07-24 17:24:30"}
{"error":"Cast to ObjectId failed for value \"cmrywd4lg0001cp80lol7jinv\" (type string) at path \"_id\" for model \"Group\"","level":"error","message":"DASHBOARD_SUMMARY_ERROR","service":"mkhondechain","timestamp":"2026-07-24 17:25:30"}
{"error":"Cast to ObjectId failed for value \"cmrywd4lg0001cp80lol7jinv\" (type string) at path \"_id\" for model \"Group\"","level":"error","message":"DASHBOARD_SUMMARY_ERROR","service":"mkhondechain","timestamp":"2026-07-24 17:26:30"}
{"error":"Cast to ObjectId failed for value \"cmrywd4lg0001cp80lol7jinv\" (type string) at path \"_id\" for model \"Group\"","level":"error","message":"DASHBOARD_SUMMARY_ERROR","service":"mkhondechain","timestamp":"2026-07-24 17:27:30"}
{"error":"Cast to ObjectId failed for value \"cmrywd4lg0001cp80lol7jinv\" (type string) at path \"_id\" for model \"Group\"","level":"error","message":"DASHBOARD_SUMMARY_ERROR","service":"mkhondechain","timestamp":"2026-07-24 17:28:30"}
{"error":"Cast to ObjectId failed for value \"cmrywd4lg0001cp80lol7jinv\" (type string) at path \"_id\" for model \"Group\"","level":"error","message":"DASHBOARD_SUMMARY_ERROR","service":"mkhondechain","timestamp":"2026-07-24 17:29:30"}
{"error":"Cast to ObjectId failed for value \"cmrywd4lg0001cp80lol7jinv\" (type string) at path \"_id\" for model \"Group\"","level":"error","message":"DASHBOARD_SUMMARY_ERROR","service":"mkhondechain","timestamp":"2026-07-24 17:30:30"}
{"error":"Cast to ObjectId failed for value \"cmrywd4lg0001cp80lol7jinv\" (type string) at path \"_id\" for model \"Group\"","level":"error","message":"DASHBOARD_SUMMARY_ERROR","service":"mkhondechain","timestamp":"2026-07-24 17:31:30"}
{"error":"Cast to ObjectId failed for value \"cmrywd4lg0001cp80lol7jinv\" (type string) at path \"_id\" for model \"Group\"","level":"error","message":"DASHBOARD_SUMMARY_ERROR","service":"mkhondechain","timestamp":"2026-07-24 17:32:30"}
{"error":"Cast to ObjectId failed for value \"cmrywd4lg0001cp80lol7jinv\" (type string) at path \"_id\" for model \"Group\"","level":"error","message":"DASHBOARD_SUMMARY_ERROR","service":"mkhondechain","timestamp":"2026-07-24 17:33:30"}
{"error":"Cast to ObjectId failed for value \"cmrywd4lg0001cp80lol7jinv\" (type string) at path \"_id\" for model \"Group\"","level":"error","message":"DASHBOARD_SUMMARY_ERROR","service":"mkhondechain","timestamp":"2026-07-24 17:34:30"}
{"error":"Cast to ObjectId failed for value \"cmrywd4lg0001cp80lol7jinv\" (type string) at path \"_id\" for model \"Group\"","level":"error","message":"DASHBOARD_SUMMARY_ERROR","service":"mkhondechain","timestamp":"2026-07-24 17:35:30"}
{"error":"Cast to ObjectId failed for value \"cmrywd4lg0001cp80lol7jinv\" (type string) at path \"_id\" for model \"Group\"","level":"error","message":"DASHBOARD_SUMMARY_ERROR","service":"mkhondechain","timestamp":"2026-07-24 17:36:30"}
{"error":"Cast to ObjectId failed for value \"cmrywd4lg0001cp80lol7jinv\" (type string) at path \"_id\" for model \"Group\"","level":"error","message":"DASHBOARD_SUMMARY_ERROR","service":"mkhondechain","timestamp":"2026-07-24 17:37:30"}
{"error":"Cast to ObjectId failed for value \"cmrywd4lg0001cp80lol7jinv\" (type string) at path \"_id\" for model \"Group\"","level":"error","message":"DASHBOARD_SUMMARY_ERROR","service":"mkhondechain","timestamp":"2026-07-24 17:38:30"}
{"error":"Cast to ObjectId failed for value \"cmrywd4lg0001cp80lol7jinv\" (type string) at path \"_id\" for model \"Group\"","level":"error","message":"DASHBOARD_SUMMARY_ERROR","service":"mkhondechain","timestamp":"2026-07-24 17:39:30"}
{"error":"Cast to ObjectId failed for value \"cmrywd4lg0001cp80lol7jinv\" (type string) at path \"_id\" for model \"Group\"","level":"error","message":"DASHBOARD_SUMMARY_ERROR","service":"mkhondechain","timestamp":"2026-07-24 17:40:30"}
{"error":"Cast to ObjectId failed for value \"cmrywd4lg0001cp80lol7jinv\" (type string) at path \"_id\" for model \"Group\"","level":"error","message":"DASHBOARD_SUMMARY_ERROR","service":"mkhondechain","timestamp":"2026-07-24 17:41:30"}
{"error":"Cast to ObjectId failed for value \"cmrywd4lg0001cp80lol7jinv\" (type string) at path \"_id\" for model \"Group\"","level":"error","message":"DASHBOARD_SUMMARY_ERROR","service":"mkhondechain","timestamp":"2026-07-24 17:42:30"}
{"error":"Cast to ObjectId failed for value \"cmrywd4lg0001cp80lol7jinv\" (type string) at path \"_id\" for model \"Group\"","level":"error","message":"DASHBOARD_SUMMARY_ERROR","service":"mkhondechain","timestamp":"2026-07-24 17:43:30"}
{"error":"Cast to ObjectId failed for value \"cmrywd4lg0001cp80lol7jinv\" (type string) at path \"_id\" for model \"Group\"","level":"error","message":"DASHBOARD_SUMMARY_ERROR","service":"mkhondechain","timestamp":"2026-07-24 17:44:30"}
{"error":"Cast to ObjectId failed for value \"cmrywd4lg0001cp80lol7jinv\" (type string) at path \"_id\" for model \"Group\"","level":"error","message":"DASHBOARD_SUMMARY_ERROR","service":"mkhondechain","timestamp":"2026-07-24 17:45:30"}
{"error":"Cast to ObjectId failed for value \"cmrywd4lg0001cp80lol7jinv\" (type string) at path \"_id\" for model \"Group\"","level":"error","message":"DASHBOARD_SUMMARY_ERROR","service":"mkhondechain","timestamp":"2026-07-24 17:46:30"}
{"error":"Cast to ObjectId failed for value \"cmrywd4lg0001cp80lol7jinv\" (type string) at path \"_id\" for model \"Group\"","level":"error","message":"DASHBOARD_SUMMARY_ERROR","service":"mkhondechain","timestamp":"2026-07-24 17:47:30"}
{"error":"Cast to ObjectId failed for value \"cmrywd4lg0001cp80lol7jinv\" (type string) at path \"_id\" for model \"Group\"","level":"error","message":"DASHBOARD_SUMMARY_ERROR","service":"mkhondechain","timestamp":"2026-07-24 17:48:30"}
{"error":"Cast to ObjectId failed for value \"cmrywd4lg0001cp80lol7jinv\" (type string) at path \"_id\" for model \"Group\"","level":"error","message":"DASHBOARD_SUMMARY_ERROR","service":"mkhondechain","timestamp":"2026-07-24 17:49:30"}
{"error":"Cast to ObjectId failed for value \"cmrywd4lg0001cp80lol7jinv\" (type string) at path \"_id\" for model \"Group\"","level":"error","message":"DASHBOARD_SUMMARY_ERROR","service":"mkhondechain","timestamp":"2026-07-24 17:50:30"}
{"error":"Cast to ObjectId failed for value \"cmrywd4lg0001cp80lol7jinv\" (type string) at path \"_id\" for model \"Group\"","level":"error","message":"DASHBOARD_SUMMARY_ERROR","service":"mkhondechain","timestamp":"2026-07-24 17:51:30"}
{"error":"Cast to ObjectId failed for value \"cmrywd4lg0001cp80lol7jinv\" (type string) at path \"_id\" for model \"Group\"","level":"error","message":"DASHBOARD_SUMMARY_ERROR","service":"mkhondechain","timestamp":"2026-07-24 17:52:30"}
{"error":"Cast to ObjectId failed for value \"cmrywd4lg0001cp80lol7jinv\" (type string) at path \"_id\" for model \"Group\"","level":"error","message":"DASHBOARD_SUMMARY_ERROR","service":"mkhondechain","timestamp":"2026-07-24 17:53:30"}
{"error":"Cast to ObjectId failed for value \"cmrywd4lg0001cp80lol7jinv\" (type string) at path \"_id\" for model \"Group\"","level":"error","message":"DASHBOARD_SUMMARY_ERROR","service":"mkhondechain","timestamp":"2026-07-24 17:54:30"}
{"error":"Cast to ObjectId failed for value \"cmrywd4lg0001cp80lol7jinv\" (type string) at path \"_id\" for model \"Group\"","level":"error","message":"DASHBOARD_SUMMARY_ERROR","service":"mkhondechain","timestamp":"2026-07-24 17:55:30"}
{"error":"Cast to ObjectId failed for value \"cmrywd4lg0001cp80lol7jinv\" (type string) at path \"_id\" for model \"Group\"","level":"error","message":"DASHBOARD_SUMMARY_ERROR","service":"mkhondechain","timestamp":"2026-07-24 17:56:30"}
{"error":"Cast to ObjectId failed for value \"cmrywd4lg0001cp80lol7jinv\" (type string) at path \"_id\" for model \"Group\"","level":"error","message":"DASHBOARD_SUMMARY_ERROR","service":"mkhondechain","timestamp":"2026-07-24 17:57:30"}
{"error":"Cast to ObjectId failed for value \"cmrywd4lg0001cp80lol7jinv\" (type string) at path \"_id\" for model \"Group\"","level":"error","message":"DASHBOARD_SUMMARY_ERROR","service":"mkhondechain","timestamp":"2026-07-24 17:58:30"}
{"error":"Cast to ObjectId failed for value \"cmrywd4lg0001cp80lol7jinv\" (type string) at path \"_id\" for model \"Group\"","level":"error","message":"DASHBOARD_SUMMARY_ERROR","service":"mkhondechain","timestamp":"2026-07-24 17:59:30"}
{"error":"Cast to ObjectId failed for value \"cmrywd4lg0001cp80lol7jinv\" (type string) at path \"_id\" for model \"Group\"","level":"error","message":"DASHBOARD_SUMMARY_ERROR","service":"mkhondechain","timestamp":"2026-07-24 18:00:30"}
{"error":"Cast to ObjectId failed for value \"cmrywd4lg0001cp80lol7jinv\" (type string) at path \"_id\" for model \"Group\"","level":"error","message":"DASHBOARD_SUMMARY_ERROR","service":"mkhondechain","timestamp":"2026-07-24 18:01:30"}
{"error":"Cast to ObjectId failed for value \"cmrywd4lg0001cp80lol7jinv\" (type string) at path \"_id\" for model \"Group\"","level":"error","message":"DASHBOARD_SUMMARY_ERROR","service":"mkhondechain","timestamp":"2026-07-24 18:02:30"}
{"error":"Cast to ObjectId failed for value \"cmrywd4lg0001cp80lol7jinv\" (type string) at path \"_id\" for model \"Group\"","level":"error","message":"DASHBOARD_SUMMARY_ERROR","service":"mkhondechain","timestamp":"2026-07-24 18:03:30"}
{"error":"Cast to ObjectId failed for value \"cmrywd4lg0001cp80lol7jinv\" (type string) at path \"_id\" for model \"Group\"","level":"error","message":"DASHBOARD_SUMMARY_ERROR","service":"mkhondechain","timestamp":"2026-07-24 18:04:30"}
{"error":"Cast to ObjectId failed for value \"cmrywd4lg0001cp80lol7jinv\" (type string) at path \"_id\" for model \"Group\"","level":"error","message":"DASHBOARD_SUMMARY_ERROR","service":"mkhondechain","timestamp":"2026-07-24 18:05:30"}
{"error":"Cast to ObjectId failed for value \"cmrywd4lg0001cp80lol7jinv\" (type string) at path \"_id\" for model \"Group\"","level":"error","message":"DASHBOARD_SUMMARY_ERROR","service":"mkhondechain","timestamp":"2026-07-24 18:06:30"}
{"error":"Cast to ObjectId failed for value \"cmrywd4lg0001cp80lol7jinv\" (type string) at path \"_id\" for model \"Group\"","level":"error","message":"DASHBOARD_SUMMARY_ERROR","service":"mkhondechain","timestamp":"2026-07-24 18:07:30"}
{"error":"Cast to ObjectId failed for value \"cmrywd4lg0001cp80lol7jinv\" (type string) at path \"_id\" for model \"Group\"","level":"error","message":"DASHBOARD_SUMMARY_ERROR","service":"mkhondechain","timestamp":"2026-07-24 18:08:30"}
{"error":"Cast to ObjectId failed for value \"cmrywd4lg0001cp80lol7jinv\" (type string) at path \"_id\" for model \"Group\"","level":"error","message":"DASHBOARD_SUMMARY_ERROR","service":"mkhondechain","timestamp":"2026-07-24 18:09:30"}
{"error":"Cast to ObjectId failed for value \"cmrywd4lg0001cp80lol7jinv\" (type string) at path \"_id\" for model \"Group\"","level":"error","message":"DASHBOARD_SUMMARY_ERROR","service":"mkhondechain","timestamp":"2026-07-24 18:10:30"}
{"error":"Cast to ObjectId failed for value \"cmrywd4lg0001cp80lol7jinv\" (type string) at path \"_id\" for model \"Group\"","level":"error","message":"DASHBOARD_SUMMARY_ERROR","service":"mkhondechain","timestamp":"2026-07-24 18:11:30"}
{"error":"Cast to ObjectId failed for value \"cmrywd4lg0001cp80lol7jinv\" (type string) at path \"_id\" for model \"Group\"","level":"error","message":"DASHBOARD_SUMMARY_ERROR","service":"mkhondechain","timestamp":"2026-07-24 18:12:30"}
{"error":"Cast to ObjectId failed for value \"cmrywd4lg0001cp80lol7jinv\" (type string) at path \"_id\" for model \"Group\"","level":"error","message":"DASHBOARD_SUMMARY_ERROR","service":"mkhondechain","timestamp":"2026-07-24 18:13:30"}
{"error":"Cast to ObjectId failed for value \"cmrywd4lg0001cp80lol7jinv\" (type string) at path \"_id\" for model \"Group\"","level":"error","message":"DASHBOARD_SUMMARY_ERROR","service":"mkhondechain","timestamp":"2026-07-24 18:14:30"}
{"error":"Cast to ObjectId failed for value \"cmrywd4lg0001cp80lol7jinv\" (type string) at path \"_id\" for model \"Group\"","level":"error","message":"DASHBOARD_SUMMARY_ERROR","service":"mkhondechain","timestamp":"2026-07-24 18:15:30"}
{"error":"Cast to ObjectId failed for value \"cmrywd4lg0001cp80lol7jinv\" (type string) at path \"_id\" for model \"Group\"","level":"error","message":"DASHBOARD_SUMMARY_ERROR","service":"mkhondechain","timestamp":"2026-07-24 18:16:30"}
{"error":"Cast to ObjectId failed for value \"cmrywd4lg0001cp80lol7jinv\" (type string) at path \"_id\" for model \"Group\"","level":"error","message":"DASHBOARD_SUMMARY_ERROR","service":"mkhondechain","timestamp":"2026-07-24 18:17:30"}
{"error":"Cast to ObjectId failed for value \"cmrywd4lg0001cp80lol7jinv\" (type string) at path \"_id\" for model \"Group\"","level":"error","message":"DASHBOARD_SUMMARY_ERROR","service":"mkhondechain","timestamp":"2026-07-24 18:18:30"}
{"error":"Cast to ObjectId failed for value \"cmrywd4lg0001cp80lol7jinv\" (type string) at path \"_id\" for model \"Group\"","level":"error","message":"DASHBOARD_SUMMARY_ERROR","service":"mkhondechain","timestamp":"2026-07-24 18:19:30"}
{"error":"Cast to ObjectId failed for value \"cmrywd4lg0001cp80lol7jinv\" (type string) at path \"_id\" for model \"Group\"","level":"error","message":"DASHBOARD_SUMMARY_ERROR","service":"mkhondechain","timestamp":"2026-07-24 18:20:30"}
{"error":"Cast to ObjectId failed for value \"cmrywd4lg0001cp80lol7jinv\" (type string) at path \"_id\" for model \"Group\"","level":"error","message":"DASHBOARD_SUMMARY_ERROR","service":"mkhondechain","timestamp":"2026-07-24 18:21:30"}
{"error":"Cast to ObjectId failed for value \"cmrywd4lg0001cp80lol7jinv\" (type string) at path \"_id\" for model \"Group\"","level":"error","message":"DASHBOARD_SUMMARY_ERROR","service":"mkhondechain","timestamp":"2026-07-24 18:22:30"}
{"error":"Cast to ObjectId failed for value \"cmrywd4lg0001cp80lol7jinv\" (type string) at path \"_id\" for model \"Group\"","level":"error","message":"DASHBOARD_SUMMARY_ERROR","service":"mkhondechain","timestamp":"2026-07-24 18:23:30"}
{"error":"Cast to ObjectId failed for value \"cmrywd4lg0001cp80lol7jinv\" (type string) at path \"_id\" for model \"Group\"","level":"error","message":"DASHBOARD_SUMMARY_ERROR","service":"mkhondechain","timestamp":"2026-07-24 18:24:30"}
{"error":"Cast to ObjectId failed for value \"cmrywd4lg0001cp80lol7jinv\" (type string) at path \"_id\" for model \"Group\"","level":"error","message":"DASHBOARD_SUMMARY_ERROR","service":"mkhondechain","timestamp":"2026-07-24 18:25:30"}
{"error":"Cast to ObjectId failed for value \"cmrywd4lg0001cp80lol7jinv\" (type string) at path \"_id\" for model \"Group\"","level":"error","message":"DASHBOARD_SUMMARY_ERROR","service":"mkhondechain","timestamp":"2026-07-24 18:26:30"}
{"error":"Cast to ObjectId failed for value \"cmrywd4lg0001cp80lol7jinv\" (type string) at path \"_id\" for model \"Group\"","level":"error","message":"DASHBOARD_SUMMARY_ERROR","service":"mkhondechain","timestamp":"2026-07-24 18:27:30"}
{"error":"Cast to ObjectId failed for value \"cmrywd4lg0001cp80lol7jinv\" (type string) at path \"_id\" for model \"Group\"","level":"error","message":"DASHBOARD_SUMMARY_ERROR","service":"mkhondechain","timestamp":"2026-07-24 18:28:30"}
{"error":"Cast to ObjectId failed for value \"cmrywd4lg0001cp80lol7jinv\" (type string) at path \"_id\" for model \"Group\"","level":"error","message":"DASHBOARD_SUMMARY_ERROR","service":"mkhondechain","timestamp":"2026-07-24 18:29:30"}
{"error":"Cast to ObjectId failed for value \"cmrywd4lg0001cp80lol7jinv\" (type string) at path \"_id\" for model \"Group\"","level":"error","message":"DASHBOARD_SUMMARY_ERROR","service":"mkhondechain","timestamp":"2026-07-24 18:30:30"}
{"error":"Cast to ObjectId failed for value \"cmrywd4lg0001cp80lol7jinv\" (type string) at path \"_id\" for model \"Group\"","level":"error","message":"DASHBOARD_SUMMARY_ERROR","service":"mkhondechain","timestamp":"2026-07-24 18:31:30"}
{"error":"Cast to ObjectId failed for value \"cmrywd4lg0001cp80lol7jinv\" (type string) at path \"_id\" for model \"Group\"","level":"error","message":"DASHBOARD_SUMMARY_ERROR","service":"mkhondechain","timestamp":"2026-07-24 18:32:30"}
{"error":"Cast to ObjectId failed for value \"cmrywd4lg0001cp80lol7jinv\" (type string) at path \"_id\" for model \"Group\"","level":"error","message":"DASHBOARD_SUMMARY_ERROR","service":"mkhondechain","timestamp":"2026-07-24 18:33:30"}
{"error":"Cast to ObjectId failed for value \"cmrywd4lg0001cp80lol7jinv\" (type string) at path \"_id\" for model \"Group\"","level":"error","message":"DASHBOARD_SUMMARY_ERROR","service":"mkhondechain","timestamp":"2026-07-24 18:34:30"}
{"error":"Cast to ObjectId failed for value \"cmrywd4lg0001cp80lol7jinv\" (type string) at path \"_id\" for model \"Group\"","level":"error","message":"DASHBOARD_SUMMARY_ERROR","service":"mkhondechain","timestamp":"2026-07-24 18:35:30"}
{"error":"Cast to ObjectId failed for value \"cmrywd4lg0001cp80lol7jinv\" (type string) at path \"_id\" for model \"Group\"","level":"error","message":"DASHBOARD_SUMMARY_ERROR","service":"mkhondechain","timestamp":"2026-07-24 18:36:30"}
{"error":"Cast to ObjectId failed for value \"cmrywd4lg0001cp80lol7jinv\" (type string) at path \"_id\" for model \"Group\"","level":"error","message":"DASHBOARD_SUMMARY_ERROR","service":"mkhondechain","timestamp":"2026-07-24 18:37:30"}
{"error":"Cast to ObjectId failed for value \"cmrywd4lg0001cp80lol7jinv\" (type string) at path \"_id\" for model \"Group\"","level":"error","message":"DASHBOARD_SUMMARY_ERROR","service":"mkhondechain","timestamp":"2026-07-24 18:38:30"}
{"error":"Cast to ObjectId failed for value \"cmrywd4lg0001cp80lol7jinv\" (type string) at path \"_id\" for model \"Group\"","level":"error","message":"DASHBOARD_SUMMARY_ERROR","service":"mkhondechain","timestamp":"2026-07-24 18:39:30"}
{"error":"Cast to ObjectId failed for value \"cmrywd4lg0001cp80lol7jinv\" (type string) at path \"_id\" for model \"Group\"","level":"error","message":"DASHBOARD_SUMMARY_ERROR","service":"mkhondechain","timestamp":"2026-07-24 18:40:30"}
{"error":"Cast to ObjectId failed for value \"cmrywd4lg0001cp80lol7jinv\" (type string) at path \"_id\" for model \"Group\"","level":"error","message":"DASHBOARD_SUMMARY_ERROR","service":"mkhondechain","timestamp":"2026-07-24 18:41:30"}
{"error":"Cast to ObjectId failed for value \"cmrywd4lg0001cp80lol7jinv\" (type string) at path \"_id\" for model \"Group\"","level":"error","message":"DASHBOARD_SUMMARY_ERROR","service":"mkhondechain","timestamp":"2026-07-24 18:42:30"}
{"error":"Cast to ObjectId failed for value \"cmrywd4lg0001cp80lol7jinv\" (type string) at path \"_id\" for model \"Group\"","level":"error","message":"DASHBOARD_SUMMARY_ERROR","service":"mkhondechain","timestamp":"2026-07-24 18:43:30"}
{"error":"Cast to ObjectId failed for value \"cmrywd4lg0001cp80lol7jinv\" (type string) at path \"_id\" for model \"Group\"","level":"error","message":"DASHBOARD_SUMMARY_ERROR","service":"mkhondechain","timestamp":"2026-07-24 18:44:30"}
{"error":"Cast to ObjectId failed for value \"cmrywd4lg0001cp80lol7jinv\" (type string) at path \"_id\" for model \"Group\"","level":"error","message":"DASHBOARD_SUMMARY_ERROR","service":"mkhondechain","timestamp":"2026-07-24 18:45:30"}
{"error":"Cast to ObjectId failed for value \"cmrywd4lg0001cp80lol7jinv\" (type string) at path \"_id\" for model \"Group\"","level":"error","message":"DASHBOARD_SUMMARY_ERROR","service":"mkhondechain","timestamp":"2026-07-24 18:46:30"}
{"error":"Cast to ObjectId failed for value \"cmrywd4lg0001cp80lol7jinv\" (type string) at path \"_id\" for model \"Group\"","level":"error","message":"DASHBOARD_SUMMARY_ERROR","service":"mkhondechain","timestamp":"2026-07-24 18:47:30"}
{"error":"Cast to ObjectId failed for value \"cmrywd4lg0001cp80lol7jinv\" (type string) at path \"_id\" for model \"Group\"","level":"error","message":"DASHBOARD_SUMMARY_ERROR","service":"mkhondechain","timestamp":"2026-07-24 18:48:30"}
{"error":"Cast to ObjectId failed for value \"cmrywd4lg0001cp80lol7jinv\" (type string) at path \"_id\" for model \"Group\"","level":"error","message":"DASHBOARD_SUMMARY_ERROR","service":"mkhondechain","timestamp":"2026-07-24 18:49:30"}
{"error":"Cast to ObjectId failed for value \"cmrywd4lg0001cp80lol7jinv\" (type string) at path \"_id\" for model \"Group\"","level":"error","message":"DASHBOARD_SUMMARY_ERROR","service":"mkhondechain","timestamp":"2026-07-24 18:50:30"}
{"error":"Cast to ObjectId failed for value \"cmrywd4lg0001cp80lol7jinv\" (type string) at path \"_id\" for model \"Group\"","level":"error","message":"DASHBOARD_SUMMARY_ERROR","service":"mkhondechain","timestamp":"2026-07-24 18:51:30"}
{"error":"Cast to ObjectId failed for value \"cmrywd4lg0001cp80lol7jinv\" (type string) at path \"_id\" for model \"Group\"","level":"error","message":"DASHBOARD_SUMMARY_ERROR","service":"mkhondechain","timestamp":"2026-07-24 18:52:30"}
{"error":"Cast to ObjectId failed for value \"cmrywd4lg0001cp80lol7jinv\" (type string) at path \"_id\" for model \"Group\"","level":"error","message":"DASHBOARD_SUMMARY_ERROR","service":"mkhondechain","timestamp":"2026-07-24 18:53:30"}
{"error":"Cast to ObjectId failed for value \"cmrywd4lg0001cp80lol7jinv\" (type string) at path \"_id\" for model \"Group\"","level":"error","message":"DASHBOARD_SUMMARY_ERROR","service":"mkhondechain","timestamp":"2026-07-24 18:54:30"}
{"error":"Cast to ObjectId failed for value \"cmrywd4lg0001cp80lol7jinv\" (type string) at path \"_id\" for model \"Group\"","level":"error","message":"DASHBOARD_SUMMARY_ERROR","service":"mkhondechain","timestamp":"2026-07-24 18:55:30"}
{"error":"Cast to ObjectId failed for value \"cmrywd4lg0001cp80lol7jinv\" (type string) at path \"_id\" for model \"Group\"","level":"error","message":"DASHBOARD_SUMMARY_ERROR","service":"mkhondechain","timestamp":"2026-07-24 18:56:30"}
{"error":"Cast to ObjectId failed for value \"cmrywd4lg0001cp80lol7jinv\" (type string) at path \"_id\" for model \"Group\"","level":"error","message":"DASHBOARD_SUMMARY_ERROR","service":"mkhondechain","timestamp":"2026-07-24 18:57:30"}
{"error":"Cast to ObjectId failed for value \"cmrywd4lg0001cp80lol7jinv\" (type string) at path \"_id\" for model \"Group\"","level":"error","message":"DASHBOARD_SUMMARY_ERROR","service":"mkhondechain","timestamp":"2026-07-24 18:58:30"}
{"error":"Cast to ObjectId failed for value \"cmrywd4lg0001cp80lol7jinv\" (type string) at path \"_id\" for model \"Group\"","level":"error","message":"DASHBOARD_SUMMARY_ERROR","service":"mkhondechain","timestamp":"2026-07-24 18:59:30"}
{"error":"Cast to ObjectId failed for value \"cmrywd4lg0001cp80lol7jinv\" (type string) at path \"_id\" for model \"Group\"","level":"error","message":"DASHBOARD_SUMMARY_ERROR","service":"mkhondechain","timestamp":"2026-07-24 19:00:30"}
{"error":"Cast to ObjectId failed for value \"cmrywd4lg0001cp80lol7jinv\" (type string) at path \"_id\" for model \"Group\"","level":"error","message":"DASHBOARD_SUMMARY_ERROR","service":"mkhondechain","timestamp":"2026-07-24 19:01:30"}
{"error":"Cast to ObjectId failed for value \"cmrywd4lg0001cp80lol7jinv\" (type string) at path \"_id\" for model \"Group\"","level":"error","message":"DASHBOARD_SUMMARY_ERROR","service":"mkhondechain","timestamp":"2026-07-24 19:02:30"}
{"error":"Cast to ObjectId failed for value \"cmrywd4lg0001cp80lol7jinv\" (type string) at path \"_id\" for model \"Group\"","level":"error","message":"DASHBOARD_SUMMARY_ERROR","service":"mkhondechain","timestamp":"2026-07-24 19:03:30"}
{"error":"Cast to ObjectId failed for value \"cmrywd4lg0001cp80lol7jinv\" (type string) at path \"_id\" for model \"Group\"","level":"error","message":"DASHBOARD_SUMMARY_ERROR","service":"mkhondechain","timestamp":"2026-07-24 19:04:30"}
{"error":"Cast to ObjectId failed for value \"cmrywd4lg0001cp80lol7jinv\" (type string) at path \"_id\" for model \"Group\"","level":"error","message":"DASHBOARD_SUMMARY_ERROR","service":"mkhondechain","timestamp":"2026-07-24 19:05:30"}
{"error":"Cast to ObjectId failed for value \"cmrywd4lg0001cp80lol7jinv\" (type string) at path \"_id\" for model \"Group\"","level":"error","message":"DASHBOARD_SUMMARY_ERROR","service":"mkhondechain","timestamp":"2026-07-24 19:06:30"}
{"error":"Cast to ObjectId failed for value \"cmrywd4lg0001cp80lol7jinv\" (type string) at path \"_id\" for model \"Group\"","level":"error","message":"DASHBOARD_SUMMARY_ERROR","service":"mkhondechain","timestamp":"2026-07-24 19:07:30"}
{"error":"Cast to ObjectId failed for value \"cmrywd4lg0001cp80lol7jinv\" (type string) at path \"_id\" for model \"Group\"","level":"error","message":"DASHBOARD_SUMMARY_ERROR","service":"mkhondechain","timestamp":"2026-07-24 19:08:30"}
{"error":"Cast to ObjectId failed for value \"cmrywd4lg0001cp80lol7jinv\" (type string) at path \"_id\" for model \"Group\"","level":"error","message":"DASHBOARD_SUMMARY_ERROR","service":"mkhondechain","timestamp":"2026-07-24 19:09:30"}
{"error":"Cast to ObjectId failed for value \"cmrywd4lg0001cp80lol7jinv\" (type string) at path \"_id\" for model \"Group\"","level":"error","message":"DASHBOARD_SUMMARY_ERROR","service":"mkhondechain","timestamp":"2026-07-24 19:10:30"}
{"error":"Cast to ObjectId failed for value \"cmrywd4lg0001cp80lol7jinv\" (type string) at path \"_id\" for model \"Group\"","level":"error","message":"DASHBOARD_SUMMARY_ERROR","service":"mkhondechain","timestamp":"2026-07-24 19:11:30"}
{"error":"Cast to ObjectId failed for value \"cmrywd4lg0001cp80lol7jinv\" (type string) at path \"_id\" for model \"Group\"","level":"error","message":"DASHBOARD_SUMMARY_ERROR","service":"mkhondechain","timestamp":"2026-07-24 19:12:30"}
{"error":"Cast to ObjectId failed for value \"cmrywd4lg0001cp80lol7jinv\" (type string) at path \"_id\" for model \"Group\"","level":"error","message":"DASHBOARD_SUMMARY_ERROR","service":"mkhondechain","timestamp":"2026-07-24 19:13:30"}
{"error":"Cast to ObjectId failed for value \"cmrywd4lg0001cp80lol7jinv\" (type string) at path \"_id\" for model \"Group\"","level":"error","message":"DASHBOARD_SUMMARY_ERROR","service":"mkhondechain","timestamp":"2026-07-24 19:14:30"}
{"error":"Cast to ObjectId failed for value \"cmrywd4lg0001cp80lol7jinv\" (type string) at path \"_id\" for model \"Group\"","level":"error","message":"DASHBOARD_SUMMARY_ERROR","service":"mkhondechain","timestamp":"2026-07-24 19:15:30"}
{"error":"Cast to ObjectId failed for value \"cmrywd4lg0001cp80lol7jinv\" (type string) at path \"_id\" for model \"Group\"","level":"error","message":"DASHBOARD_SUMMARY_ERROR","service":"mkhondechain","timestamp":"2026-07-24 19:16:30"}
{"error":"Cast to ObjectId failed for value \"cmrywd4lg0001cp80lol7jinv\" (type string) at path \"_id\" for model \"Group\"","level":"error","message":"DASHBOARD_SUMMARY_ERROR","service":"mkhondechain","timestamp":"2026-07-24 19:17:30"}
{"error":"Cast to ObjectId failed for value \"cmrywd4lg0001cp80lol7jinv\" (type string) at path \"_id\" for model \"Group\"","level":"error","message":"DASHBOARD_SUMMARY_ERROR","service":"mkhondechain","timestamp":"2026-07-24 19:18:30"}
{"error":"Cast to ObjectId failed for value \"cmrywd4lg0001cp80lol7jinv\" (type string) at path \"_id\" for model \"Group\"","level":"error","message":"DASHBOARD_SUMMARY_ERROR","service":"mkhondechain","timestamp":"2026-07-24 19:19:30"}
{"error":"Cast to ObjectId failed for value \"cmrywd4lg0001cp80lol7jinv\" (type string) at path \"_id\" for model \"Group\"","level":"error","message":"DASHBOARD_SUMMARY_ERROR","service":"mkhondechain","timestamp":"2026-07-24 19:20:30"}
{"error":"Cast to ObjectId failed for value \"cmrywd4lg0001cp80lol7jinv\" (type string) at path \"_id\" for model \"Group\"","level":"error","message":"DASHBOARD_SUMMARY_ERROR","service":"mkhondechain","timestamp":"2026-07-24 19:21:30"}
{"error":"Cast to ObjectId failed for value \"cmrywd4lg0001cp80lol7jinv\" (type string) at path \"_id\" for model \"Group\"","level":"error","message":"DASHBOARD_SUMMARY_ERROR","service":"mkhondechain","timestamp":"2026-07-24 19:22:30"}
{"error":"Cast to ObjectId failed for value \"cmrywd4lg0001cp80lol7jinv\" (type string) at path \"_id\" for model \"Group\"","level":"error","message":"DASHBOARD_SUMMARY_ERROR","service":"mkhondechain","timestamp":"2026-07-24 19:23:30"}
{"error":"Cast to ObjectId failed for value \"cmrywd4lg0001cp80lol7jinv\" (type string) at path \"_id\" for model \"Group\"","level":"error","message":"DASHBOARD_SUMMARY_ERROR","service":"mkhondechain","timestamp":"2026-07-24 19:24:30"}
{"error":"Cast to ObjectId failed for value \"cmrywd4lg0001cp80lol7jinv\" (type string) at path \"_id\" for model \"Group\"","level":"error","message":"DASHBOARD_SUMMARY_ERROR","service":"mkhondechain","timestamp":"2026-07-24 19:25:30"}
{"error":"Cast to ObjectId failed for value \"cmrywd4lg0001cp80lol7jinv\" (type string) at path \"_id\" for model \"Group\"","level":"error","message":"DASHBOARD_SUMMARY_ERROR","service":"mkhondechain","timestamp":"2026-07-24 19:26:30"}
{"error":"Cast to ObjectId failed for value \"cmrywd4lg0001cp80lol7jinv\" (type string) at path \"_id\" for model \"Group\"","level":"error","message":"DASHBOARD_SUMMARY_ERROR","service":"mkhondechain","timestamp":"2026-07-24 19:27:30"}
{"error":"Cast to ObjectId failed for value \"cmrywd4lg0001cp80lol7jinv\" (type string) at path \"_id\" for model \"Group\"","level":"error","message":"DASHBOARD_SUMMARY_ERROR","service":"mkhondechain","timestamp":"2026-07-24 19:28:30"}
{"error":"Cast to ObjectId failed for value \"cmrywd4lg0001cp80lol7jinv\" (type string) at path \"_id\" for model \"Group\"","level":"error","message":"DASHBOARD_SUMMARY_ERROR","service":"mkhondechain","timestamp":"2026-07-24 19:29:30"}
{"error":"Cast to ObjectId failed for value \"cmrywd4lg0001cp80lol7jinv\" (type string) at path \"_id\" for model \"Group\"","level":"error","message":"DASHBOARD_SUMMARY_ERROR","service":"mkhondechain","timestamp":"2026-07-24 19:30:30"}
{"error":"Cast to ObjectId failed for value \"cmrywd4lg0001cp80lol7jinv\" (type string) at path \"_id\" for model \"Group\"","level":"error","message":"DASHBOARD_SUMMARY_ERROR","service":"mkhondechain","timestamp":"2026-07-24 19:31:30"}
{"error":"Cast to ObjectId failed for value \"cmrywd4lg0001cp80lol7jinv\" (type string) at path \"_id\" for model \"Group\"","level":"error","message":"DASHBOARD_SUMMARY_ERROR","service":"mkhondechain","timestamp":"2026-07-24 19:32:30"}
{"error":"Cast to ObjectId failed for value \"cmrywd4lg0001cp80lol7jinv\" (type string) at path \"_id\" for model \"Group\"","level":"error","message":"DASHBOARD_SUMMARY_ERROR","service":"mkhondechain","timestamp":"2026-07-24 19:33:30"}
{"error":"Cast to ObjectId failed for value \"cmrywd4lg0001cp80lol7jinv\" (type string) at path \"_id\" for model \"Group\"","level":"error","message":"DASHBOARD_SUMMARY_ERROR","service":"mkhondechain","timestamp":"2026-07-24 19:34:30"}
{"error":"Cast to ObjectId failed for value \"cmrywd4lg0001cp80lol7jinv\" (type string) at path \"_id\" for model \"Group\"","level":"error","message":"DASHBOARD_SUMMARY_ERROR","service":"mkhondechain","timestamp":"2026-07-24 19:35:30"}
{"error":"Cast to ObjectId failed for value \"cmrywd4lg0001cp80lol7jinv\" (type string) at path \"_id\" for model \"Group\"","level":"error","message":"DASHBOARD_SUMMARY_ERROR","service":"mkhondechain","timestamp":"2026-07-24 19:36:30"}
{"error":"Cast to ObjectId failed for value \"cmrywd4lg0001cp80lol7jinv\" (type string) at path \"_id\" for model \"Group\"","level":"error","message":"DASHBOARD_SUMMARY_ERROR","service":"mkhondechain","timestamp":"2026-07-24 19:37:30"}
{"error":"Cast to ObjectId failed for value \"cmrywd4lg0001cp80lol7jinv\" (type string) at path \"_id\" for model \"Group\"","level":"error","message":"DASHBOARD_SUMMARY_ERROR","service":"mkhondechain","timestamp":"2026-07-24 19:38:30"}
{"error":"Cast to ObjectId failed for value \"cmrywd4lg0001cp80lol7jinv\" (type string) at path \"_id\" for model \"Group\"","level":"error","message":"DASHBOARD_SUMMARY_ERROR","service":"mkhondechain","timestamp":"2026-07-24 19:39:30"}
{"error":"Cast to ObjectId failed for value \"cmrywd4lg0001cp80lol7jinv\" (type string) at path \"_id\" for model \"Group\"","level":"error","message":"DASHBOARD_SUMMARY_ERROR","service":"mkhondechain","timestamp":"2026-07-24 19:40:30"}
{"error":"Cast to ObjectId failed for value \"cmrywd4lg0001cp80lol7jinv\" (type string) at path \"_id\" for model \"Group\"","level":"error","message":"DASHBOARD_SUMMARY_ERROR","service":"mkhondechain","timestamp":"2026-07-24 19:41:30"}
{"error":"Cast to ObjectId failed for value \"cmrywd4lg0001cp80lol7jinv\" (type string) at path \"_id\" for model \"Group\"","level":"error","message":"DASHBOARD_SUMMARY_ERROR","service":"mkhondechain","timestamp":"2026-07-24 19:42:30"}
{"error":"Cast to ObjectId failed for value \"cmrywd4lg0001cp80lol7jinv\" (type string) at path \"_id\" for model \"Group\"","level":"error","message":"DASHBOARD_SUMMARY_ERROR","service":"mkhondechain","timestamp":"2026-07-24 19:43:30"}
{"error":"Cast to ObjectId failed for value \"cmrywd4lg0001cp80lol7jinv\" (type string) at path \"_id\" for model \"Group\"","level":"error","message":"DASHBOARD_SUMMARY_ERROR","service":"mkhondechain","timestamp":"2026-07-24 19:44:30"}
{"error":"Cast to ObjectId failed for value \"cmrywd4lg0001cp80lol7jinv\" (type string) at path \"_id\" for model \"Group\"","level":"error","message":"DASHBOARD_SUMMARY_ERROR","service":"mkhondechain","timestamp":"2026-07-24 19:45:30"}
{"error":"Cast to ObjectId failed for value \"cmrywd4lg0001cp80lol7jinv\" (type string) at path \"_id\" for model \"Group\"","level":"error","message":"DASHBOARD_SUMMARY_ERROR","service":"mkhondechain","timestamp":"2026-07-24 19:46:30"}
{"error":"Cast to ObjectId failed for value \"cmrywd4lg0001cp80lol7jinv\" (type string) at path \"_id\" for model \"Group\"","level":"error","message":"DASHBOARD_SUMMARY_ERROR","service":"mkhondechain","timestamp":"2026-07-24 19:47:30"}
{"error":"Cast to ObjectId failed for value \"cmrywd4lg0001cp80lol7jinv\" (type string) at path \"_id\" for model \"Group\"","level":"error","message":"DASHBOARD_SUMMARY_ERROR","service":"mkhondechain","timestamp":"2026-07-24 19:48:30"}
{"error":"Cast to ObjectId failed for value \"cmrywd4lg0001cp80lol7jinv\" (type string) at path \"_id\" for model \"Group\"","level":"error","message":"DASHBOARD_SUMMARY_ERROR","service":"mkhondechain","timestamp":"2026-07-24 19:49:30"}
{"error":"Cast to ObjectId failed for value \"cmrywd4lg0001cp80lol7jinv\" (type string) at path \"_id\" for model \"Group\"","level":"error","message":"DASHBOARD_SUMMARY_ERROR","service":"mkhondechain","timestamp":"2026-07-24 19:50:30"}
{"error":"Cast to ObjectId failed for value \"cmrywd4lg0001cp80lol7jinv\" (type string) at path \"_id\" for model \"Group\"","level":"error","message":"DASHBOARD_SUMMARY_ERROR","service":"mkhondechain","timestamp":"2026-07-24 19:51:30"}
{"error":"Cast to ObjectId failed for value \"cmrywd4lg0001cp80lol7jinv\" (type string) at path \"_id\" for model \"Group\"","level":"error","message":"DASHBOARD_SUMMARY_ERROR","service":"mkhondechain","timestamp":"2026-07-24 19:52:30"}
{"error":"Cast to ObjectId failed for value \"cmrywd4lg0001cp80lol7jinv\" (type string) at path \"_id\" for model \"Group\"","level":"error","message":"DASHBOARD_SUMMARY_ERROR","service":"mkhondechain","timestamp":"2026-07-24 19:53:30"}
{"error":"Cast to ObjectId failed for value \"cmrywd4lg0001cp80lol7jinv\" (type string) at path \"_id\" for model \"Group\"","level":"error","message":"DASHBOARD_SUMMARY_ERROR","service":"mkhondechain","timestamp":"2026-07-24 19:54:30"}
{"error":"Cast to ObjectId failed for value \"cmrywd4lg0001cp80lol7jinv\" (type string) at path \"_id\" for model \"Group\"","level":"error","message":"DASHBOARD_SUMMARY_ERROR","service":"mkhondechain","timestamp":"2026-07-24 19:55:30"}
{"error":"Cast to ObjectId failed for value \"cmrywd4lg0001cp80lol7jinv\" (type string) at path \"_id\" for model \"Group\"","level":"error","message":"DASHBOARD_SUMMARY_ERROR","service":"mkhondechain","timestamp":"2026-07-24 19:56:30"}
{"error":"Cast to ObjectId failed for value \"cmrywd4lg0001cp80lol7jinv\" (type string) at path \"_id\" for model \"Group\"","level":"error","message":"DASHBOARD_SUMMARY_ERROR","service":"mkhondechain","timestamp":"2026-07-24 19:57:30"}
{"error":"Cast to ObjectId failed for value \"cmrywd4lg0001cp80lol7jinv\" (type string) at path \"_id\" for model \"Group\"","level":"error","message":"DASHBOARD_SUMMARY_ERROR","service":"mkhondechain","timestamp":"2026-07-24 19:58:30"}
{"error":"Cast to ObjectId failed for value \"cmrywd4lg0001cp80lol7jinv\" (type string) at path \"_id\" for model \"Group\"","level":"error","message":"DASHBOARD_SUMMARY_ERROR","service":"mkhondechain","timestamp":"2026-07-24 19:59:30"}
{"error":"Cast to ObjectId failed for value \"cmrywd4lg0001cp80lol7jinv\" (type string) at path \"_id\" for model \"Group\"","level":"error","message":"DASHBOARD_SUMMARY_ERROR","service":"mkhondechain","timestamp":"2026-07-24 20:00:30"}
{"error":"Cast to ObjectId failed for value \"cmrywd4lg0001cp80lol7jinv\" (type string) at path \"_id\" for model \"Group\"","level":"error","message":"DASHBOARD_SUMMARY_ERROR","service":"mkhondechain","timestamp":"2026-07-24 20:01:30"}
{"error":"Cast to ObjectId failed for value \"cmrywd4lg0001cp80lol7jinv\" (type string) at path \"_id\" for model \"Group\"","level":"error","message":"DASHBOARD_SUMMARY_ERROR","service":"mkhondechain","timestamp":"2026-07-24 20:02:30"}
{"error":"Cast to ObjectId failed for value \"cmrywd4lg0001cp80lol7jinv\" (type string) at path \"_id\" for model \"Group\"","level":"error","message":"DASHBOARD_SUMMARY_ERROR","service":"mkhondechain","timestamp":"2026-07-24 20:03:30"}
{"error":"Cast to ObjectId failed for value \"cmrywd4lg0001cp80lol7jinv\" (type string) at path \"_id\" for model \"Group\"","level":"error","message":"DASHBOARD_SUMMARY_ERROR","service":"mkhondechain","timestamp":"2026-07-24 20:04:30"}
{"error":"Cast to ObjectId failed for value \"cmrywd4lg0001cp80lol7jinv\" (type string) at path \"_id\" for model \"Group\"","level":"error","message":"DASHBOARD_SUMMARY_ERROR","service":"mkhondechain","timestamp":"2026-07-24 20:05:30"}
{"error":"Cast to ObjectId failed for value \"cmrywd4lg0001cp80lol7jinv\" (type string) at path \"_id\" for model \"Group\"","level":"error","message":"DASHBOARD_SUMMARY_ERROR","service":"mkhondechain","timestamp":"2026-07-24 20:06:30"}
{"error":"Cast to ObjectId failed for value \"cmrywd4lg0001cp80lol7jinv\" (type string) at path \"_id\" for model \"Group\"","level":"error","message":"DASHBOARD_SUMMARY_ERROR","service":"mkhondechain","timestamp":"2026-07-24 20:07:30"}
{"error":"Cast to ObjectId failed for value \"cmrywd4lg0001cp80lol7jinv\" (type string) at path \"_id\" for model \"Group\"","level":"error","message":"DASHBOARD_SUMMARY_ERROR","service":"mkhondechain","timestamp":"2026-07-24 20:08:30"}
{"error":"Cast to ObjectId failed for value \"cmrywd4lg0001cp80lol7jinv\" (type string) at path \"_id\" for model \"Group\"","level":"error","message":"DASHBOARD_SUMMARY_ERROR","service":"mkhondechain","timestamp":"2026-07-24 20:09:30"}
{"error":"Cast to ObjectId failed for value \"cmrywd4lg0001cp80lol7jinv\" (type string) at path \"_id\" for model \"Group\"","level":"error","message":"DASHBOARD_SUMMARY_ERROR","service":"mkhondechain","timestamp":"2026-07-24 20:10:30"}
{"error":"Cast to ObjectId failed for value \"cmrywd4lg0001cp80lol7jinv\" (type string) at path \"_id\" for model \"Group\"","level":"error","message":"DASHBOARD_SUMMARY_ERROR","service":"mkhondechain","timestamp":"2026-07-24 20:11:30"}
{"error":"Cast to ObjectId failed for value \"cmrywd4lg0001cp80lol7jinv\" (type string) at path \"_id\" for model \"Group\"","level":"error","message":"DASHBOARD_SUMMARY_ERROR","service":"mkhondechain","timestamp":"2026-07-24 20:12:30"}
{"error":"Cast to ObjectId failed for value \"cmrywd4lg0001cp80lol7jinv\" (type string) at path \"_id\" for model \"Group\"","level":"error","message":"DASHBOARD_SUMMARY_ERROR","service":"mkhondechain","timestamp":"2026-07-24 20:13:30"}
{"error":"Cast to ObjectId failed for value \"cmrywd4lg0001cp80lol7jinv\" (type string) at path \"_id\" for model \"Group\"","level":"error","message":"DASHBOARD_SUMMARY_ERROR","service":"mkhondechain","timestamp":"2026-07-24 20:14:30"}
{"error":"Cast to ObjectId failed for value \"cmrywd4lg0001cp80lol7jinv\" (type string) at path \"_id\" for model \"Group\"","level":"error","message":"DASHBOARD_SUMMARY_ERROR","service":"mkhondechain","timestamp":"2026-07-24 20:15:30"}
{"error":"Cast to ObjectId failed for value \"cmrywd4lg0001cp80lol7jinv\" (type string) at path \"_id\" for model \"Group\"","level":"error","message":"DASHBOARD_SUMMARY_ERROR","service":"mkhondechain","timestamp":"2026-07-24 20:16:30"}
{"error":"Cast to ObjectId failed for value \"cmrywd4lg0001cp80lol7jinv\" (type string) at path \"_id\" for model \"Group\"","level":"error","message":"DASHBOARD_SUMMARY_ERROR","service":"mkhondechain","timestamp":"2026-07-24 20:17:30"}
{"error":"Cast to ObjectId failed for value \"cmrywd4lg0001cp80lol7jinv\" (type string) at path \"_id\" for model \"Group\"","level":"error","message":"DASHBOARD_SUMMARY_ERROR","service":"mkhondechain","timestamp":"2026-07-24 20:18:30"}
{"error":"Cast to ObjectId failed for value \"cmrywd4lg0001cp80lol7jinv\" (type string) at path \"_id\" for model \"Group\"","level":"error","message":"DASHBOARD_SUMMARY_ERROR","service":"mkhondechain","timestamp":"2026-07-24 20:19:30"}
{"error":"Cast to ObjectId failed for value \"cmrywd4lg0001cp80lol7jinv\" (type string) at path \"_id\" for model \"Group\"","level":"error","message":"DASHBOARD_SUMMARY_ERROR","service":"mkhondechain","timestamp":"2026-07-24 20:20:30"}
{"error":"Cast to ObjectId failed for value \"cmrywd4lg0001cp80lol7jinv\" (type string) at path \"_id\" for model \"Group\"","level":"error","message":"DASHBOARD_SUMMARY_ERROR","service":"mkhondechain","timestamp":"2026-07-24 20:21:30"}
{"error":"Cast to ObjectId failed for value \"cmrywd4lg0001cp80lol7jinv\" (type string) at path \"_id\" for model \"Group\"","level":"error","message":"DASHBOARD_SUMMARY_ERROR","service":"mkhondechain","timestamp":"2026-07-24 20:22:30"}
{"error":"Cast to ObjectId failed for value \"cmrywd4lg0001cp80lol7jinv\" (type string) at path \"_id\" for model \"Group\"","level":"error","message":"DASHBOARD_SUMMARY_ERROR","service":"mkhondechain","timestamp":"2026-07-24 20:23:30"}
{"error":"Cast to ObjectId failed for value \"cmrywd4lg0001cp80lol7jinv\" (type string) at path \"_id\" for model \"Group\"","level":"error","message":"DASHBOARD_SUMMARY_ERROR","service":"mkhondechain","timestamp":"2026-07-24 20:24:30"}
{"error":"Cast to ObjectId failed for value \"cmrywd4lg0001cp80lol7jinv\" (type string) at path \"_id\" for model \"Group\"","level":"error","message":"DASHBOARD_SUMMARY_ERROR","service":"mkhondechain","timestamp":"2026-07-24 20:25:30"}
{"error":"Cast to ObjectId failed for value \"cmrywd4lg0001cp80lol7jinv\" (type string) at path \"_id\" for model \"Group\"","level":"error","message":"DASHBOARD_SUMMARY_ERROR","service":"mkhondechain","timestamp":"2026-07-24 20:26:30"}
{"error":"Cast to ObjectId failed for value \"cmrywd4lg0001cp80lol7jinv\" (type string) at path \"_id\" for model \"Group\"","level":"error","message":"DASHBOARD_SUMMARY_ERROR","service":"mkhondechain","timestamp":"2026-07-24 20:27:30"}
{"error":"Cast to ObjectId failed for value \"cmrywd4lg0001cp80lol7jinv\" (type string) at path \"_id\" for model \"Group\"","level":"error","message":"DASHBOARD_SUMMARY_ERROR","service":"mkhondechain","timestamp":"2026-07-24 20:28:30"}
{"error":"Cast to ObjectId failed for value \"cmrywd4lg0001cp80lol7jinv\" (type string) at path \"_id\" for model \"Group\"","level":"error","message":"DASHBOARD_SUMMARY_ERROR","service":"mkhondechain","timestamp":"2026-07-24 20:29:30"}
{"error":"Cast to ObjectId failed for value \"cmrywd4lg0001cp80lol7jinv\" (type string) at path \"_id\" for model \"Group\"","level":"error","message":"DASHBOARD_SUMMARY_ERROR","service":"mkhondechain","timestamp":"2026-07-24 20:30:30"}
{"error":"Cast to ObjectId failed for value \"cmrywd4lg0001cp80lol7jinv\" (type string) at path \"_id\" for model \"Group\"","level":"error","message":"DASHBOARD_SUMMARY_ERROR","service":"mkhondechain","timestamp":"2026-07-24 20:31:30"}
{"error":"Cast to ObjectId failed for value \"cmrywd4lg0001cp80lol7jinv\" (type string) at path \"_id\" for model \"Group\"","level":"error","message":"DASHBOARD_SUMMARY_ERROR","service":"mkhondechain","timestamp":"2026-07-24 20:32:30"}
{"error":"Cast to ObjectId failed for value \"cmrywd4lg0001cp80lol7jinv\" (type string) at path \"_id\" for model \"Group\"","level":"error","message":"DASHBOARD_SUMMARY_ERROR","service":"mkhondechain","timestamp":"2026-07-24 20:33:30"}
{"error":"Cast to ObjectId failed for value \"cmrywd4lg0001cp80lol7jinv\" (type string) at path \"_id\" for model \"Group\"","level":"error","message":"DASHBOARD_SUMMARY_ERROR","service":"mkhondechain","timestamp":"2026-07-24 20:34:30"}
{"error":"Cast to ObjectId failed for value \"cmrywd4lg0001cp80lol7jinv\" (type string) at path \"_id\" for model \"Group\"","level":"error","message":"DASHBOARD_SUMMARY_ERROR","service":"mkhondechain","timestamp":"2026-07-24 20:35:30"}
{"error":"Cast to ObjectId failed for value \"cmrywd4lg0001cp80lol7jinv\" (type string) at path \"_id\" for model \"Group\"","level":"error","message":"DASHBOARD_SUMMARY_ERROR","service":"mkhondechain","timestamp":"2026-07-24 20:36:30"}
{"error":"Cast to ObjectId failed for value \"cmrywd4lg0001cp80lol7jinv\" (type string) at path \"_id\" for model \"Group\"","level":"error","message":"DASHBOARD_SUMMARY_ERROR","service":"mkhondechain","timestamp":"2026-07-24 20:37:30"}
{"error":"Cast to ObjectId failed for value \"cmrywd4lg0001cp80lol7jinv\" (type string) at path \"_id\" for model \"Group\"","level":"error","message":"DASHBOARD_SUMMARY_ERROR","service":"mkhondechain","timestamp":"2026-07-24 20:38:30"}
{"error":"Cast to ObjectId failed for value \"cmrywd4lg0001cp80lol7jinv\" (type string) at path \"_id\" for model \"Group\"","level":"error","message":"DASHBOARD_SUMMARY_ERROR","service":"mkhondechain","timestamp":"2026-07-24 20:39:30"}
{"error":"Cast to ObjectId failed for value \"cmrywd4lg0001cp80lol7jinv\" (type string) at path \"_id\" for model \"Group\"","level":"error","message":"DASHBOARD_SUMMARY_ERROR","service":"mkhondechain","timestamp":"2026-07-24 20:40:30"}
{"error":"Cast to ObjectId failed for value \"cmrywd4lg0001cp80lol7jinv\" (type string) at path \"_id\" for model \"Group\"","level":"error","message":"DASHBOARD_SUMMARY_ERROR","service":"mkhondechain","timestamp":"2026-07-24 20:41:30"}
{"error":"Cast to ObjectId failed for value \"cmrywd4lg0001cp80lol7jinv\" (type string) at path \"_id\" for model \"Group\"","level":"error","message":"DASHBOARD_SUMMARY_ERROR","service":"mkhondechain","timestamp":"2026-07-24 20:42:30"}
{"error":"Cast to ObjectId failed for value \"cmrywd4lg0001cp80lol7jinv\" (type string) at path \"_id\" for model \"Group\"","level":"error","message":"DASHBOARD_SUMMARY_ERROR","service":"mkhondechain","timestamp":"2026-07-24 20:43:30"}
{"error":"Cast to ObjectId failed for value \"cmrywd4lg0001cp80lol7jinv\" (type string) at path \"_id\" for model \"Group\"","level":"error","message":"DASHBOARD_SUMMARY_ERROR","service":"mkhondechain","timestamp":"2026-07-24 20:44:30"}
{"error":"Cast to ObjectId failed for value \"cmrywd4lg0001cp80lol7jinv\" (type string) at path \"_id\" for model \"Group\"","level":"error","message":"DASHBOARD_SUMMARY_ERROR","service":"mkhondechain","timestamp":"2026-07-24 20:45:30"}
{"error":"Cast to ObjectId failed for value \"cmrywd4lg0001cp80lol7jinv\" (type string) at path \"_id\" for model \"Group\"","level":"error","message":"DASHBOARD_SUMMARY_ERROR","service":"mkhondechain","timestamp":"2026-07-24 20:46:30"}
{"error":"Cast to ObjectId failed for value \"cmrywd4lg0001cp80lol7jinv\" (type string) at path \"_id\" for model \"Group\"","level":"error","message":"DASHBOARD_SUMMARY_ERROR","service":"mkhondechain","timestamp":"2026-07-24 20:47:30"}
{"error":"Cast to ObjectId failed for value \"cmrywd4lg0001cp80lol7jinv\" (type string) at path \"_id\" for model \"Group\"","level":"error","message":"DASHBOARD_SUMMARY_ERROR","service":"mkhondechain","timestamp":"2026-07-24 20:48:30"}
{"error":"Cast to ObjectId failed for value \"cmrywd4lg0001cp80lol7jinv\" (type string) at path \"_id\" for model \"Group\"","level":"error","message":"DASHBOARD_SUMMARY_ERROR","service":"mkhondechain","timestamp":"2026-07-24 20:49:30"}
{"error":"Cast to ObjectId failed for value \"cmrywd4lg0001cp80lol7jinv\" (type string) at path \"_id\" for model \"Group\"","level":"error","message":"DASHBOARD_SUMMARY_ERROR","service":"mkhondechain","timestamp":"2026-07-24 20:50:30"}
{"error":"Cast to ObjectId failed for value \"cmrywd4lg0001cp80lol7jinv\" (type string) at path \"_id\" for model \"Group\"","level":"error","message":"DASHBOARD_SUMMARY_ERROR","service":"mkhondechain","timestamp":"2026-07-24 20:51:30"}
{"error":"Cast to ObjectId failed for value \"cmrywd4lg0001cp80lol7jinv\" (type string) at path \"_id\" for model \"Group\"","level":"error","message":"DASHBOARD_SUMMARY_ERROR","service":"mkhondechain","timestamp":"2026-07-24 20:52:30"}
{"error":"Cast to ObjectId failed for value \"cmrywd4lg0001cp80lol7jinv\" (type string) at path \"_id\" for model \"Group\"","level":"error","message":"DASHBOARD_SUMMARY_ERROR","service":"mkhondechain","timestamp":"2026-07-24 20:53:30"}
{"error":"Cast to ObjectId failed for value \"cmrywd4lg0001cp80lol7jinv\" (type string) at path \"_id\" for model \"Group\"","level":"error","message":"DASHBOARD_SUMMARY_ERROR","service":"mkhondechain","timestamp":"2026-07-24 20:54:30"}
{"error":"Cast to ObjectId failed for value \"cmrywd4lg0001cp80lol7jinv\" (type string) at path \"_id\" for model \"Group\"","level":"error","message":"DASHBOARD_SUMMARY_ERROR","service":"mkhondechain","timestamp":"2026-07-24 20:55:30"}
{"error":"Cast to ObjectId failed for value \"cmrywd4lg0001cp80lol7jinv\" (type string) at path \"_id\" for model \"Group\"","level":"error","message":"DASHBOARD_SUMMARY_ERROR","service":"mkhondechain","timestamp":"2026-07-24 20:56:30"}
{"error":"Cast to ObjectId failed for value \"cmrywd4lg0001cp80lol7jinv\" (type string) at path \"_id\" for model \"Group\"","level":"error","message":"DASHBOARD_SUMMARY_ERROR","service":"mkhondechain","timestamp":"2026-07-24 20:57:30"}
{"error":"Cast to ObjectId failed for value \"cmrywd4lg0001cp80lol7jinv\" (type string) at path \"_id\" for model \"Group\"","level":"error","message":"DASHBOARD_SUMMARY_ERROR","service":"mkhondechain","timestamp":"2026-07-24 20:58:30"}
{"error":"Cast to ObjectId failed for value \"cmrywd4lg0001cp80lol7jinv\" (type string) at path \"_id\" for model \"Group\"","level":"error","message":"DASHBOARD_SUMMARY_ERROR","service":"mkhondechain","timestamp":"2026-07-24 20:59:30"}
{"error":"Cast to ObjectId failed for value \"cmrywd4lg0001cp80lol7jinv\" (type string) at path \"_id\" for model \"Group\"","level":"error","message":"DASHBOARD_SUMMARY_ERROR","service":"mkhondechain","timestamp":"2026-07-24 21:00:30"}
{"error":"Cast to ObjectId failed for value \"cmrywd4lg0001cp80lol7jinv\" (type string) at path \"_id\" for model \"Group\"","level":"error","message":"DASHBOARD_SUMMARY_ERROR","service":"mkhondechain","timestamp":"2026-07-24 21:01:30"}
{"error":"Cast to ObjectId failed for value \"cmrywd4lg0001cp80lol7jinv\" (type string) at path \"_id\" for model \"Group\"","level":"error","message":"DASHBOARD_SUMMARY_ERROR","service":"mkhondechain","timestamp":"2026-07-24 21:02:30"}
{"error":"Cast to ObjectId failed for value \"cmrywd4lg0001cp80lol7jinv\" (type string) at path \"_id\" for model \"Group\"","level":"error","message":"DASHBOARD_SUMMARY_ERROR","service":"mkhondechain","timestamp":"2026-07-24 21:03:30"}
{"error":"Cast to ObjectId failed for value \"cmrywd4lg0001cp80lol7jinv\" (type string) at path \"_id\" for model \"Group\"","level":"error","message":"DASHBOARD_SUMMARY_ERROR","service":"mkhondechain","timestamp":"2026-07-24 21:04:30"}
{"error":"Cast to ObjectId failed for value \"cmrywd4lg0001cp80lol7jinv\" (type string) at path \"_id\" for model \"Group\"","level":"error","message":"DASHBOARD_SUMMARY_ERROR","service":"mkhondechain","timestamp":"2026-07-24 21:05:30"}
{"error":"Cast to ObjectId failed for value \"cmrywd4lg0001cp80lol7jinv\" (type string) at path \"_id\" for model \"Group\"","level":"error","message":"DASHBOARD_SUMMARY_ERROR","service":"mkhondechain","timestamp":"2026-07-24 21:06:30"}
{"error":"Cast to ObjectId failed for value \"cmrywd4lg0001cp80lol7jinv\" (type string) at path \"_id\" for model \"Group\"","level":"error","message":"DASHBOARD_SUMMARY_ERROR","service":"mkhondechain","timestamp":"2026-07-24 21:07:30"}
{"error":"Cast to ObjectId failed for value \"cmrywd4lg0001cp80lol7jinv\" (type string) at path \"_id\" for model \"Group\"","level":"error","message":"DASHBOARD_SUMMARY_ERROR","service":"mkhondechain","timestamp":"2026-07-24 21:08:30"}
{"error":"Cast to ObjectId failed for value \"cmrywd4lg0001cp80lol7jinv\" (type string) at path \"_id\" for model \"Group\"","level":"error","message":"DASHBOARD_SUMMARY_ERROR","service":"mkhondechain","timestamp":"2026-07-24 21:09:30"}
{"error":"Cast to ObjectId failed for value \"cmrywd4lg0001cp80lol7jinv\" (type string) at path \"_id\" for model \"Group\"","level":"error","message":"DASHBOARD_SUMMARY_ERROR","service":"mkhondechain","timestamp":"2026-07-24 21:10:30"}
{"error":"Cast to ObjectId failed for value \"cmrywd4lg0001cp80lol7jinv\" (type string) at path \"_id\" for model \"Group\"","level":"error","message":"DASHBOARD_SUMMARY_ERROR","service":"mkhondechain","timestamp":"2026-07-24 21:11:30"}
{"error":"Cast to ObjectId failed for value \"cmrywd4lg0001cp80lol7jinv\" (type string) at path \"_id\" for model \"Group\"","level":"error","message":"DASHBOARD_SUMMARY_ERROR","service":"mkhondechain","timestamp":"2026-07-24 21:12:30"}
{"error":"Cast to ObjectId failed for value \"cmrywd4lg0001cp80lol7jinv\" (type string) at path \"_id\" for model \"Group\"","level":"error","message":"DASHBOARD_SUMMARY_ERROR","service":"mkhondechain","timestamp":"2026-07-24 21:13:30"}
{"error":"Cast to ObjectId failed for value \"cmrywd4lg0001cp80lol7jinv\" (type string) at path \"_id\" for model \"Group\"","level":"error","message":"DASHBOARD_SUMMARY_ERROR","service":"mkhondechain","timestamp":"2026-07-24 21:14:30"}
{"error":"Cast to ObjectId failed for value \"cmrywd4lg0001cp80lol7jinv\" (type string) at path \"_id\" for model \"Group\"","level":"error","message":"DASHBOARD_SUMMARY_ERROR","service":"mkhondechain","timestamp":"2026-07-24 21:15:30"}
{"error":"Cast to ObjectId failed for value \"cmrywd4lg0001cp80lol7jinv\" (type string) at path \"_id\" for model \"Group\"","level":"error","message":"DASHBOARD_SUMMARY_ERROR","service":"mkhondechain","timestamp":"2026-07-24 21:16:30"}
{"error":"Cast to ObjectId failed for value \"cmrywd4lg0001cp80lol7jinv\" (type string) at path \"_id\" for model \"Group\"","level":"error","message":"DASHBOARD_SUMMARY_ERROR","service":"mkhondechain","timestamp":"2026-07-24 21:17:30"}
{"error":"Cast to ObjectId failed for value \"cmrywd4lg0001cp80lol7jinv\" (type string) at path \"_id\" for model \"Group\"","level":"error","message":"DASHBOARD_SUMMARY_ERROR","service":"mkhondechain","timestamp":"2026-07-24 21:18:30"}
{"error":"Cast to ObjectId failed for value \"cmrywd4lg0001cp80lol7jinv\" (type string) at path \"_id\" for model \"Group\"","level":"error","message":"DASHBOARD_SUMMARY_ERROR","service":"mkhondechain","timestamp":"2026-07-24 21:19:30"}
{"error":"Cast to ObjectId failed for value \"cmrywd4lg0001cp80lol7jinv\" (type string) at path \"_id\" for model \"Group\"","level":"error","message":"DASHBOARD_SUMMARY_ERROR","service":"mkhondechain","timestamp":"2026-07-24 21:20:30"}
{"error":"Cast to ObjectId failed for value \"cmrywd4lg0001cp80lol7jinv\" (type string) at path \"_id\" for model \"Group\"","level":"error","message":"DASHBOARD_SUMMARY_ERROR","service":"mkhondechain","timestamp":"2026-07-24 21:21:30"}
{"error":"Cast to ObjectId failed for value \"cmrywd4lg0001cp80lol7jinv\" (type string) at path \"_id\" for model \"Group\"","level":"error","message":"DASHBOARD_SUMMARY_ERROR","service":"mkhondechain","timestamp":"2026-07-24 21:22:30"}
{"error":"Cast to ObjectId failed for value \"cmrywd4lg0001cp80lol7jinv\" (type string) at path \"_id\" for model \"Group\"","level":"error","message":"DASHBOARD_SUMMARY_ERROR","service":"mkhondechain","timestamp":"2026-07-24 21:23:30"}
{"error":"Cast to ObjectId failed for value \"cmrywd4lg0001cp80lol7jinv\" (type string) at path \"_id\" for model \"Group\"","level":"error","message":"DASHBOARD_SUMMARY_ERROR","service":"mkhondechain","timestamp":"2026-07-24 21:24:30"}
{"error":"Cast to ObjectId failed for value \"cmrywd4lg0001cp80lol7jinv\" (type string) at path \"_id\" for model \"Group\"","level":"error","message":"DASHBOARD_SUMMARY_ERROR","service":"mkhondechain","timestamp":"2026-07-24 21:25:30"}
{"error":"Cast to ObjectId failed for value \"cmrywd4lg0001cp80lol7jinv\" (type string) at path \"_id\" for model \"Group\"","level":"error","message":"DASHBOARD_SUMMARY_ERROR","service":"mkhondechain","timestamp":"2026-07-24 21:26:30"}
{"error":"Cast to ObjectId failed for value \"cmrywd4lg0001cp80lol7jinv\" (type string) at path \"_id\" for model \"Group\"","level":"error","message":"DASHBOARD_SUMMARY_ERROR","service":"mkhondechain","timestamp":"2026-07-24 21:27:30"}
{"error":"Cast to ObjectId failed for value \"cmrywd4lg0001cp80lol7jinv\" (type string) at path \"_id\" for model \"Group\"","level":"error","message":"DASHBOARD_SUMMARY_ERROR","service":"mkhondechain","timestamp":"2026-07-24 21:28:30"}
{"error":"Cast to ObjectId failed for value \"cmrywd4lg0001cp80lol7jinv\" (type string) at path \"_id\" for model \"Group\"","level":"error","message":"DASHBOARD_SUMMARY_ERROR","service":"mkhondechain","timestamp":"2026-07-24 21:29:30"}
{"error":"Cast to ObjectId failed for value \"cmrywd4lg0001cp80lol7jinv\" (type string) at path \"_id\" for model \"Group\"","level":"error","message":"DASHBOARD_SUMMARY_ERROR","service":"mkhondechain","timestamp":"2026-07-24 21:30:30"}
{"error":"Cast to ObjectId failed for value \"cmrywd4lg0001cp80lol7jinv\" (type string) at path \"_id\" for model \"Group\"","level":"error","message":"DASHBOARD_SUMMARY_ERROR","service":"mkhondechain","timestamp":"2026-07-24 21:31:30"}
{"error":"Cast to ObjectId failed for value \"cmrywd4lg0001cp80lol7jinv\" (type string) at path \"_id\" for model \"Group\"","level":"error","message":"DASHBOARD_SUMMARY_ERROR","service":"mkhondechain","timestamp":"2026-07-24 21:32:30"}
{"error":"Cast to ObjectId failed for value \"cmrywd4lg0001cp80lol7jinv\" (type string) at path \"_id\" for model \"Group\"","level":"error","message":"DASHBOARD_SUMMARY_ERROR","service":"mkhondechain","timestamp":"2026-07-24 21:33:30"}
{"error":"Cast to ObjectId failed for value \"cmrywd4lg0001cp80lol7jinv\" (type string) at path \"_id\" for model \"Group\"","level":"error","message":"DASHBOARD_SUMMARY_ERROR","service":"mkhondechain","timestamp":"2026-07-24 21:34:30"}
{"error":"Cast to ObjectId failed for value \"cmrywd4lg0001cp80lol7jinv\" (type string) at path \"_id\" for model \"Group\"","level":"error","message":"DASHBOARD_SUMMARY_ERROR","service":"mkhondechain","timestamp":"2026-07-24 21:35:30"}
{"error":"Cast to ObjectId failed for value \"cmrywd4lg0001cp80lol7jinv\" (type string) at path \"_id\" for model \"Group\"","level":"error","message":"DASHBOARD_SUMMARY_ERROR","service":"mkhondechain","timestamp":"2026-07-24 21:36:30"}
{"error":"Cast to ObjectId failed for value \"cmrywd4lg0001cp80lol7jinv\" (type string) at path \"_id\" for model \"Group\"","level":"error","message":"DASHBOARD_SUMMARY_ERROR","service":"mkhondechain","timestamp":"2026-07-24 21:37:30"}
{"error":"Cast to ObjectId failed for value \"cmrywd4lg0001cp80lol7jinv\" (type string) at path \"_id\" for model \"Group\"","level":"error","message":"DASHBOARD_SUMMARY_ERROR","service":"mkhondechain","timestamp":"2026-07-24 21:38:30"}
{"error":"Cast to ObjectId failed for value \"cmrywd4lg0001cp80lol7jinv\" (type string) at path \"_id\" for model \"Group\"","level":"error","message":"DASHBOARD_SUMMARY_ERROR","service":"mkhondechain","timestamp":"2026-07-24 21:39:30"}
{"error":"Cast to ObjectId failed for value \"cmrywd4lg0001cp80lol7jinv\" (type string) at path \"_id\" for model \"Group\"","level":"error","message":"DASHBOARD_SUMMARY_ERROR","service":"mkhondechain","timestamp":"2026-07-24 21:40:30"}
{"error":"Cast to ObjectId failed for value \"cmrywd4lg0001cp80lol7jinv\" (type string) at path \"_id\" for model \"Group\"","level":"error","message":"DASHBOARD_SUMMARY_ERROR","service":"mkhondechain","timestamp":"2026-07-24 21:41:30"}
{"error":"Cast to ObjectId failed for value \"cmrywd4lg0001cp80lol7jinv\" (type string) at path \"_id\" for model \"Group\"","level":"error","message":"DASHBOARD_SUMMARY_ERROR","service":"mkhondechain","timestamp":"2026-07-24 21:42:30"}
{"error":"Cast to ObjectId failed for value \"cmrywd4lg0001cp80lol7jinv\" (type string) at path \"_id\" for model \"Group\"","level":"error","message":"DASHBOARD_SUMMARY_ERROR","service":"mkhondechain","timestamp":"2026-07-24 21:43:30"}
{"error":"Cast to ObjectId failed for value \"cmrywd4lg0001cp80lol7jinv\" (type string) at path \"_id\" for model \"Group\"","level":"error","message":"DASHBOARD_SUMMARY_ERROR","service":"mkhondechain","timestamp":"2026-07-24 21:44:30"}
{"error":"Cast to ObjectId failed for value \"cmrywd4lg0001cp80lol7jinv\" (type string) at path \"_id\" for model \"Group\"","level":"error","message":"DASHBOARD_SUMMARY_ERROR","service":"mkhondechain","timestamp":"2026-07-24 21:45:30"}
{"error":"Cast to ObjectId failed for value \"cmrywd4lg0001cp80lol7jinv\" (type string) at path \"_id\" for model \"Group\"","level":"error","message":"DASHBOARD_SUMMARY_ERROR","service":"mkhondechain","timestamp":"2026-07-24 21:46:30"}
{"error":"Cast to ObjectId failed for value \"cmrywd4lg0001cp80lol7jinv\" (type string) at path \"_id\" for model \"Group\"","level":"error","message":"DASHBOARD_SUMMARY_ERROR","service":"mkhondechain","timestamp":"2026-07-24 21:47:30"}
{"error":"Cast to ObjectId failed for value \"cmrywd4lg0001cp80lol7jinv\" (type string) at path \"_id\" for model \"Group\"","level":"error","message":"DASHBOARD_SUMMARY_ERROR","service":"mkhondechain","timestamp":"2026-07-24 21:48:30"}
{"error":"Cast to ObjectId failed for value \"cmrywd4lg0001cp80lol7jinv\" (type string) at path \"_id\" for model \"Group\"","level":"error","message":"DASHBOARD_SUMMARY_ERROR","service":"mkhondechain","timestamp":"2026-07-24 21:49:30"}
{"error":"Cast to ObjectId failed for value \"cmrywd4lg0001cp80lol7jinv\" (type string) at path \"_id\" for model \"Group\"","level":"error","message":"DASHBOARD_SUMMARY_ERROR","service":"mkhondechain","timestamp":"2026-07-24 21:50:30"}
{"error":"Cast to ObjectId failed for value \"cmrywd4lg0001cp80lol7jinv\" (type string) at path \"_id\" for model \"Group\"","level":"error","message":"DASHBOARD_SUMMARY_ERROR","service":"mkhondechain","timestamp":"2026-07-24 21:51:30"}
{"error":"Cast to ObjectId failed for value \"cmrywd4lg0001cp80lol7jinv\" (type string) at path \"_id\" for model \"Group\"","level":"error","message":"DASHBOARD_SUMMARY_ERROR","service":"mkhondechain","timestamp":"2026-07-24 21:52:30"}
{"error":"Cast to ObjectId failed for value \"cmrywd4lg0001cp80lol7jinv\" (type string) at path \"_id\" for model \"Group\"","level":"error","message":"DASHBOARD_SUMMARY_ERROR","service":"mkhondechain","timestamp":"2026-07-24 21:53:30"}
{"error":"Cast to ObjectId failed for value \"cmrywd4lg0001cp80lol7jinv\" (type string) at path \"_id\" for model \"Group\"","level":"error","message":"DASHBOARD_SUMMARY_ERROR","service":"mkhondechain","timestamp":"2026-07-24 21:54:30"}
{"error":"Cast to ObjectId failed for value \"cmrywd4lg0001cp80lol7jinv\" (type string) at path \"_id\" for model \"Group\"","level":"error","message":"DASHBOARD_SUMMARY_ERROR","service":"mkhondechain","timestamp":"2026-07-24 21:55:30"}
{"error":"Cast to ObjectId failed for value \"cmrywd4lg0001cp80lol7jinv\" (type string) at path \"_id\" for model \"Group\"","level":"error","message":"DASHBOARD_SUMMARY_ERROR","service":"mkhondechain","timestamp":"2026-07-24 21:56:30"}
{"error":"Cast to ObjectId failed for value \"cmrywd4lg0001cp80lol7jinv\" (type string) at path \"_id\" for model \"Group\"","level":"error","message":"DASHBOARD_SUMMARY_ERROR","service":"mkhondechain","timestamp":"2026-07-24 21:57:30"}
{"error":"Cast to ObjectId failed for value \"cmrywd4lg0001cp80lol7jinv\" (type string) at path \"_id\" for model \"Group\"","level":"error","message":"DASHBOARD_SUMMARY_ERROR","service":"mkhondechain","timestamp":"2026-07-24 21:58:30"}
{"error":"Cast to ObjectId failed for value \"cmrywd4lg0001cp80lol7jinv\" (type string) at path \"_id\" for model \"Group\"","level":"error","message":"DASHBOARD_SUMMARY_ERROR","service":"mkhondechain","timestamp":"2026-07-24 21:59:30"}
{"error":"Cast to ObjectId failed for value \"cmrywd4lg0001cp80lol7jinv\" (type string) at path \"_id\" for model \"Group\"","level":"error","message":"DASHBOARD_SUMMARY_ERROR","service":"mkhondechain","timestamp":"2026-07-24 22:00:30"}
{"error":"Cast to ObjectId failed for value \"cmrywd4lg0001cp80lol7jinv\" (type string) at path \"_id\" for model \"Group\"","level":"error","message":"DASHBOARD_SUMMARY_ERROR","service":"mkhondechain","timestamp":"2026-07-24 22:01:30"}
{"error":"Cast to ObjectId failed for value \"cmrywd4lg0001cp80lol7jinv\" (type string) at path \"_id\" for model \"Group\"","level":"error","message":"DASHBOARD_SUMMARY_ERROR","service":"mkhondechain","timestamp":"2026-07-24 22:02:30"}
{"error":"Cast to ObjectId failed for value \"cmrywd4lg0001cp80lol7jinv\" (type string) at path \"_id\" for model \"Group\"","level":"error","message":"DASHBOARD_SUMMARY_ERROR","service":"mkhondechain","timestamp":"2026-07-24 22:03:30"}
{"error":"Cast to ObjectId failed for value \"cmrywd4lg0001cp80lol7jinv\" (type string) at path \"_id\" for model \"Group\"","level":"error","message":"DASHBOARD_SUMMARY_ERROR","service":"mkhondechain","timestamp":"2026-07-24 22:04:30"}
{"error":"Cast to ObjectId failed for value \"cmrywd4lg0001cp80lol7jinv\" (type string) at path \"_id\" for model \"Group\"","level":"error","message":"DASHBOARD_SUMMARY_ERROR","service":"mkhondechain","timestamp":"2026-07-24 22:05:30"}
{"error":"Cast to ObjectId failed for value \"cmrywd4lg0001cp80lol7jinv\" (type string) at path \"_id\" for model \"Group\"","level":"error","message":"DASHBOARD_SUMMARY_ERROR","service":"mkhondechain","timestamp":"2026-07-24 22:06:30"}
{"error":"Cast to ObjectId failed for value \"cmrywd4lg0001cp80lol7jinv\" (type string) at path \"_id\" for model \"Group\"","level":"error","message":"DASHBOARD_SUMMARY_ERROR","service":"mkhondechain","timestamp":"2026-07-24 22:07:30"}
{"error":"Cast to ObjectId failed for value \"cmrywd4lg0001cp80lol7jinv\" (type string) at path \"_id\" for model \"Group\"","level":"error","message":"DASHBOARD_SUMMARY_ERROR","service":"mkhondechain","timestamp":"2026-07-24 22:08:30"}
{"error":"Cast to ObjectId failed for value \"cmrywd4lg0001cp80lol7jinv\" (type string) at path \"_id\" for model \"Group\"","level":"error","message":"DASHBOARD_SUMMARY_ERROR","service":"mkhondechain","timestamp":"2026-07-24 22:09:30"}
{"error":"Cast to ObjectId failed for value \"cmrywd4lg0001cp80lol7jinv\" (type string) at path \"_id\" for model \"Group\"","level":"error","message":"DASHBOARD_SUMMARY_ERROR","service":"mkhondechain","timestamp":"2026-07-24 22:10:30"}
{"error":"Cast to ObjectId failed for value \"cmrywd4lg0001cp80lol7jinv\" (type string) at path \"_id\" for model \"Group\"","level":"error","message":"DASHBOARD_SUMMARY_ERROR","service":"mkhondechain","timestamp":"2026-07-24 22:11:30"}
{"error":"Cast to ObjectId failed for value \"cmrywd4lg0001cp80lol7jinv\" (type string) at path \"_id\" for model \"Group\"","level":"error","message":"DASHBOARD_SUMMARY_ERROR","service":"mkhondechain","timestamp":"2026-07-24 22:12:30"}
{"error":"Cast to ObjectId failed for value \"cmrywd4lg0001cp80lol7jinv\" (type string) at path \"_id\" for model \"Group\"","level":"error","message":"DASHBOARD_SUMMARY_ERROR","service":"mkhondechain","timestamp":"2026-07-24 22:13:30"}
{"error":"Cast to ObjectId failed for value \"cmrywd4lg0001cp80lol7jinv\" (type string) at path \"_id\" for model \"Group\"","level":"error","message":"DASHBOARD_SUMMARY_ERROR","service":"mkhondechain","timestamp":"2026-07-24 22:14:30"}
{"error":"Cast to ObjectId failed for value \"cmrywd4lg0001cp80lol7jinv\" (type string) at path \"_id\" for model \"Group\"","level":"error","message":"DASHBOARD_SUMMARY_ERROR","service":"mkhondechain","timestamp":"2026-07-24 22:15:30"}
{"error":"Cast to ObjectId failed for value \"cmrywd4lg0001cp80lol7jinv\" (type string) at path \"_id\" for model \"Group\"","level":"error","message":"DASHBOARD_SUMMARY_ERROR","service":"mkhondechain","timestamp":"2026-07-24 22:16:30"}
{"error":"Cast to ObjectId failed for value \"cmrywd4lg0001cp80lol7jinv\" (type string) at path \"_id\" for model \"Group\"","level":"error","message":"DASHBOARD_SUMMARY_ERROR","service":"mkhondechain","timestamp":"2026-07-24 22:17:30"}
{"error":"Cast to ObjectId failed for value \"cmrywd4lg0001cp80lol7jinv\" (type string) at path \"_id\" for model \"Group\"","level":"error","message":"DASHBOARD_SUMMARY_ERROR","service":"mkhondechain","timestamp":"2026-07-24 22:18:30"}
{"error":"Cast to ObjectId failed for value \"cmrywd4lg0001cp80lol7jinv\" (type string) at path \"_id\" for model \"Group\"","level":"error","message":"DASHBOARD_SUMMARY_ERROR","service":"mkhondechain","timestamp":"2026-07-24 22:19:30"}
{"error":"Cast to ObjectId failed for value \"cmrywd4lg0001cp80lol7jinv\" (type string) at path \"_id\" for model \"Group\"","level":"error","message":"DASHBOARD_SUMMARY_ERROR","service":"mkhondechain","timestamp":"2026-07-24 22:20:30"}
{"error":"Cast to ObjectId failed for value \"cmrywd4lg0001cp80lol7jinv\" (type string) at path \"_id\" for model \"Group\"","level":"error","message":"DASHBOARD_SUMMARY_ERROR","service":"mkhondechain","timestamp":"2026-07-24 22:21:30"}
{"error":"Cast to ObjectId failed for value \"cmrywd4lg0001cp80lol7jinv\" (type string) at path \"_id\" for model \"Group\"","level":"error","message":"DASHBOARD_SUMMARY_ERROR","service":"mkhondechain","timestamp":"2026-07-24 22:22:30"}
{"error":"Cast to ObjectId failed for value \"cmrywd4lg0001cp80lol7jinv\" (type string) at path \"_id\" for model \"Group\"","level":"error","message":"DASHBOARD_SUMMARY_ERROR","service":"mkhondechain","timestamp":"2026-07-24 22:23:30"}
{"error":"Cast to ObjectId failed for value \"cmrywd4lg0001cp80lol7jinv\" (type string) at path \"_id\" for model \"Group\"","level":"error","message":"DASHBOARD_SUMMARY_ERROR","service":"mkhondechain","timestamp":"2026-07-24 22:24:30"}
{"error":"Cast to ObjectId failed for value \"cmrywd4lg0001cp80lol7jinv\" (type string) at path \"_id\" for model \"Group\"","level":"error","message":"DASHBOARD_SUMMARY_ERROR","service":"mkhondechain","timestamp":"2026-07-24 22:25:30"}
{"error":"Cast to ObjectId failed for value \"cmrywd4lg0001cp80lol7jinv\" (type string) at path \"_id\" for model \"Group\"","level":"error","message":"DASHBOARD_SUMMARY_ERROR","service":"mkhondechain","timestamp":"2026-07-24 22:26:30"}
{"error":"Cast to ObjectId failed for value \"cmrywd4lg0001cp80lol7jinv\" (type string) at path \"_id\" for model \"Group\"","level":"error","message":"DASHBOARD_SUMMARY_ERROR","service":"mkhondechain","timestamp":"2026-07-24 22:27:30"}
{"error":"Cast to ObjectId failed for value \"cmrywd4lg0001cp80lol7jinv\" (type string) at path \"_id\" for model \"Group\"","level":"error","message":"DASHBOARD_SUMMARY_ERROR","service":"mkhondechain","timestamp":"2026-07-24 22:28:30"}
{"error":"Cast to ObjectId failed for value \"cmrywd4lg0001cp80lol7jinv\" (type string) at path \"_id\" for model \"Group\"","level":"error","message":"DASHBOARD_SUMMARY_ERROR","service":"mkhondechain","timestamp":"2026-07-24 22:29:30"}
{"error":"Cast to ObjectId failed for value \"cmrywd4lg0001cp80lol7jinv\" (type string) at path \"_id\" for model \"Group\"","level":"error","message":"DASHBOARD_SUMMARY_ERROR","service":"mkhondechain","timestamp":"2026-07-24 22:30:30"}
{"error":"Cast to ObjectId failed for value \"cmrywd4lg0001cp80lol7jinv\" (type string) at path \"_id\" for model \"Group\"","level":"error","message":"DASHBOARD_SUMMARY_ERROR","service":"mkhondechain","timestamp":"2026-07-24 22:31:30"}
{"error":"Cast to ObjectId failed for value \"cmrywd4lg0001cp80lol7jinv\" (type string) at path \"_id\" for model \"Group\"","level":"error","message":"DASHBOARD_SUMMARY_ERROR","service":"mkhondechain","timestamp":"2026-07-24 22:32:30"}
{"error":"Cast to ObjectId failed for value \"cmrywd4lg0001cp80lol7jinv\" (type string) at path \"_id\" for model \"Group\"","level":"error","message":"DASHBOARD_SUMMARY_ERROR","service":"mkhondechain","timestamp":"2026-07-24 22:33:30"}
{"error":"Cast to ObjectId failed for value \"cmrywd4lg0001cp80lol7jinv\" (type string) at path \"_id\" for model \"Group\"","level":"error","message":"DASHBOARD_SUMMARY_ERROR","service":"mkhondechain","timestamp":"2026-07-24 22:34:30"}
{"error":"Cast to ObjectId failed for value \"cmrywd4lg0001cp80lol7jinv\" (type string) at path \"_id\" for model \"Group\"","level":"error","message":"DASHBOARD_SUMMARY_ERROR","service":"mkhondechain","timestamp":"2026-07-24 22:35:30"}
{"error":"Cast to ObjectId failed for value \"cmrywd4lg0001cp80lol7jinv\" (type string) at path \"_id\" for model \"Group\"","level":"error","message":"DASHBOARD_SUMMARY_ERROR","service":"mkhondechain","timestamp":"2026-07-24 22:36:30"}
{"error":"Cast to ObjectId failed for value \"cmrywd4lg0001cp80lol7jinv\" (type string) at path \"_id\" for model \"Group\"","level":"error","message":"DASHBOARD_SUMMARY_ERROR","service":"mkhondechain","timestamp":"2026-07-24 22:37:30"}
{"error":"Cast to ObjectId failed for value \"cmrywd4lg0001cp80lol7jinv\" (type string) at path \"_id\" for model \"Group\"","level":"error","message":"DASHBOARD_SUMMARY_ERROR","service":"mkhondechain","timestamp":"2026-07-24 22:38:30"}
{"error":"Cast to ObjectId failed for value \"cmrywd4lg0001cp80lol7jinv\" (type string) at path \"_id\" for model \"Group\"","level":"error","message":"DASHBOARD_SUMMARY_ERROR","service":"mkhondechain","timestamp":"2026-07-24 22:39:30"}
{"error":"Cast to ObjectId failed for value \"cmrywd4lg0001cp80lol7jinv\" (type string) at path \"_id\" for model \"Group\"","level":"error","message":"DASHBOARD_SUMMARY_ERROR","service":"mkhondechain","timestamp":"2026-07-24 22:40:30"}
{"error":"Cast to ObjectId failed for value \"cmrywd4lg0001cp80lol7jinv\" (type string) at path \"_id\" for model \"Group\"","level":"error","message":"DASHBOARD_SUMMARY_ERROR","service":"mkhondechain","timestamp":"2026-07-24 22:41:30"}
{"ip":"::1","level":"warn","message":"UNAUTHORIZED_ACCESS","path":"/summary","service":"mkhondechain","timestamp":"2026-07-24 22:42:30","token":"present"}
{"admin":"tenganileader","ip":"::1","level":"info","message":"LOGIN_SUCCESS","service":"mkhondechain","timestamp":"2026-07-25 00:34:31"}
{"error":"Cast to ObjectId failed for value \"cmrywd4lg0001cp80lol7jinv\" (type string) at path \"groupId\" for model \"Member\"","level":"error","message":"GET_PENDING_LOANS_ERROR","service":"mkhondechain","timestamp":"2026-07-25 00:34:31"}
{"error":"Cast to ObjectId failed for value \"cmrywd4lg0001cp80lol7jinv\" (type string) at path \"groupId\" for model \"Member\"","level":"error","message":"GET_PENDING_LOANS_ERROR","service":"mkhondechain","timestamp":"2026-07-25 00:34:31"}
{"error":"Cast to ObjectId failed for value \"cmrywd4lg0001cp80lol7jinv\" (type string) at path \"_id\" for model \"Group\"","level":"error","message":"DASHBOARD_SUMMARY_ERROR","service":"mkhondechain","timestamp":"2026-07-25 00:34:31"}
{"error":"Cast to ObjectId failed for value \"cmrywd4lg0001cp80lol7jinv\" (type string) at path \"_id\" for model \"Group\"","level":"error","message":"DASHBOARD_SUMMARY_ERROR","service":"mkhondechain","timestamp":"2026-07-25 00:34:31"}
{"error":"Cast to ObjectId failed for value \"cmrywd4lg0001cp80lol7jinv\" (type string) at path \"groupId\" for model \"Transaction\"","level":"error","message":"DASHBOARD_ACTIVITY_ERROR","service":"mkhondechain","timestamp":"2026-07-25 00:34:31"}
{"error":"Cast to ObjectId failed for value \"cmrywd4lg0001cp80lol7jinv\" (type string) at path \"groupId\" for model \"Transaction\"","level":"error","message":"DASHBOARD_ACTIVITY_ERROR","service":"mkhondechain","timestamp":"2026-07-25 00:34:31"}
{"error":"Cast to ObjectId failed for value \"cmrywd4lg0001cp80lol7jinv\" (type string) at path \"_id\" for model \"Group\"","level":"error","message":"DASHBOARD_SUMMARY_ERROR","service":"mkhondechain","timestamp":"2026-07-25 00:34:46"}
{"admin":"pkulinji","ip":"::1","level":"info","message":"LOGIN_SUCCESS","service":"mkhondechain","timestamp":"2026-07-25 00:34:58"}
{"error":"Cast to ObjectId failed for value \"cmrywd4lg0001cp80lol7jinv\" (type string) at path \"_id\" for model \"Group\"","level":"error","message":"DASHBOARD_SUMMARY_ERROR","service":"mkhondechain","timestamp":"2026-07-25 00:35:01"}
{"error":"Operation `members.distinct()` buffering timed out after 10000ms","level":"error","message":"GET_PENDING_LOANS_ERROR","service":"mkhondechain","timestamp":"2026-07-25 00:35:08"}
{"error":"Operation `transactions.find()` buffering timed out after 10000ms","level":"error","message":"DASHBOARD_ACTIVITY_ERROR","service":"mkhondechain","timestamp":"2026-07-25 00:35:08"}
{"error":"Operation `groups.find()` buffering timed out after 10000ms","level":"error","message":"DASHBOARD_SUMMARY_ERROR","service":"mkhondechain","timestamp":"2026-07-25 00:35:08"}
{"error":"Cast to ObjectId failed for value \"cmrywd4lg0001cp80lol7jinv\" (type string) at path \"_id\" for model \"Group\"","level":"error","message":"DASHBOARD_SUMMARY_ERROR","service":"mkhondechain","timestamp":"2026-07-25 00:35:16"}
{"error":"Operation `members.distinct()` buffering timed out after 10000ms","level":"error","message":"GET_PENDING_LOANS_ERROR","service":"mkhondechain","timestamp":"2026-07-25 00:35:18"}
{"error":"Operation `transactions.find()` buffering timed out after 10000ms","level":"error","message":"DASHBOARD_ACTIVITY_ERROR","service":"mkhondechain","timestamp":"2026-07-25 00:35:18"}
{"error":"Operation `groups.find()` buffering timed out after 10000ms","level":"error","message":"DASHBOARD_SUMMARY_ERROR","service":"mkhondechain","timestamp":"2026-07-25 00:35:18"}
{"error":"Operation `groups.find()` buffering timed out after 10000ms","level":"error","message":"DASHBOARD_SUMMARY_ERROR","service":"mkhondechain","timestamp":"2026-07-25 00:35:28"}
{"error":"Cast to ObjectId failed for value \"cmrywd4lg0001cp80lol7jinv\" (type string) at path \"_id\" for model \"Group\"","level":"error","message":"DASHBOARD_SUMMARY_ERROR","service":"mkhondechain","timestamp":"2026-07-25 00:35:31"}
{"error":"Operation `groups.find()` buffering timed out after 10000ms","level":"error","message":"DASHBOARD_SUMMARY_ERROR","service":"mkhondechain","timestamp":"2026-07-25 00:35:38"}
{"error":"Cast to ObjectId failed for value \"cmrywd4lg0001cp80lol7jinv\" (type string) at path \"_id\" for model \"Group\"","level":"error","message":"DASHBOARD_SUMMARY_ERROR","service":"mkhondechain","timestamp":"2026-07-25 00:35:46"}
{"error":"Operation `groups.find()` buffering timed out after 10000ms","level":"error","message":"DASHBOARD_SUMMARY_ERROR","service":"mkhondechain","timestamp":"2026-07-25 00:35:53"}
{"error":"Cast to ObjectId failed for value \"cmrywd4lg0001cp80lol7jinv\" (type string) at path \"_id\" for model \"Group\"","level":"error","message":"DASHBOARD_SUMMARY_ERROR","service":"mkhondechain","timestamp":"2026-07-25 00:36:01"}
{"error":"Operation `groups.find()` buffering timed out after 10000ms","level":"error","message":"DASHBOARD_SUMMARY_ERROR","service":"mkhondechain","timestamp":"2026-07-25 00:36:08"}
{"error":"Cast to ObjectId failed for value \"cmrywd4lg0001cp80lol7jinv\" (type string) at path \"_id\" for model \"Group\"","level":"error","message":"DASHBOARD_SUMMARY_ERROR","service":"mkhondechain","timestamp":"2026-07-25 00:36:16"}
{"error":"Operation `groups.find()` buffering timed out after 10000ms","level":"error","message":"DASHBOARD_SUMMARY_ERROR","service":"mkhondechain","timestamp":"2026-07-25 00:36:23"}
{"error":"Cast to ObjectId failed for value \"cmrywd4lg0001cp80lol7jinv\" (type string) at path \"_id\" for model \"Group\"","level":"error","message":"DASHBOARD_SUMMARY_ERROR","service":"mkhondechain","timestamp":"2026-07-25 00:36:31"}
{"error":"Operation `groups.find()` buffering timed out after 10000ms","level":"error","message":"DASHBOARD_SUMMARY_ERROR","service":"mkhondechain","timestamp":"2026-07-25 00:36:38"}
{"error":"Cast to ObjectId failed for value \"cmrywd4lg0001cp80lol7jinv\" (type string) at path \"_id\" for model \"Group\"","level":"error","message":"DASHBOARD_SUMMARY_ERROR","service":"mkhondechain","timestamp":"2026-07-25 00:36:46"}
{"error":"Operation `groups.find()` buffering timed out after 10000ms","level":"error","message":"DASHBOARD_SUMMARY_ERROR","service":"mkhondechain","timestamp":"2026-07-25 00:36:53"}
{"error":"Cast to ObjectId failed for value \"cmrywd4lg0001cp80lol7jinv\" (type string) at path \"_id\" for model \"Group\"","level":"error","message":"DASHBOARD_SUMMARY_ERROR","service":"mkhondechain","timestamp":"2026-07-25 00:37:01"}
{"error":"Operation `groups.find()` buffering timed out after 10000ms","level":"error","message":"DASHBOARD_SUMMARY_ERROR","service":"mkhondechain","timestamp":"2026-07-25 00:37:08"}
{"error":"Cast to ObjectId failed for value \"cmrywd4lg0001cp80lol7jinv\" (type string) at path \"_id\" for model \"Group\"","level":"error","message":"DASHBOARD_SUMMARY_ERROR","service":"mkhondechain","timestamp":"2026-07-25 00:37:16"}
{"error":"Operation `groups.find()` buffering timed out after 10000ms","level":"error","message":"DASHBOARD_SUMMARY_ERROR","service":"mkhondechain","timestamp":"2026-07-25 00:37:23"}
{"error":"Cast to ObjectId failed for value \"cmrywd4lg0001cp80lol7jinv\" (type string) at path \"_id\" for model \"Group\"","level":"error","message":"DASHBOARD_SUMMARY_ERROR","service":"mkhondechain","timestamp":"2026-07-25 00:37:31"}
{"error":"Operation `groups.find()` buffering timed out after 10000ms","level":"error","message":"DASHBOARD_SUMMARY_ERROR","service":"mkhondechain","timestamp":"2026-07-25 00:37:38"}
{"error":"Cast to ObjectId failed for value \"cmrywd4lg0001cp80lol7jinv\" (type string) at path \"_id\" for model \"Group\"","level":"error","message":"DASHBOARD_SUMMARY_ERROR","service":"mkhondechain","timestamp":"2026-07-25 00:37:46"}
{"error":"Operation `groups.find()` buffering timed out after 10000ms","level":"error","message":"DASHBOARD_SUMMARY_ERROR","service":"mkhondechain","timestamp":"2026-07-25 00:37:53"}
{"error":"Cast to ObjectId failed for value \"cmrywd4lg0001cp80lol7jinv\" (type string) at path \"_id\" for model \"Group\"","level":"error","message":"DASHBOARD_SUMMARY_ERROR","service":"mkhondechain","timestamp":"2026-07-25 00:38:01"}
{"error":"Operation `groups.find()` buffering timed out after 10000ms","level":"error","message":"DASHBOARD_SUMMARY_ERROR","service":"mkhondechain","timestamp":"2026-07-25 00:38:08"}
{"error":"Cast to ObjectId failed for value \"cmrywd4lg0001cp80lol7jinv\" (type string) at path \"_id\" for model \"Group\"","level":"error","message":"DASHBOARD_SUMMARY_ERROR","service":"mkhondechain","timestamp":"2026-07-25 00:38:16"}
{"error":"Operation `groups.find()` buffering timed out after 10000ms","level":"error","message":"DASHBOARD_SUMMARY_ERROR","service":"mkhondechain","timestamp":"2026-07-25 00:38:23"}
{"error":"Cast to ObjectId failed for value \"cmrywd4lg0001cp80lol7jinv\" (type string) at path \"_id\" for model \"Group\"","level":"error","message":"DASHBOARD_SUMMARY_ERROR","service":"mkhondechain","timestamp":"2026-07-25 00:38:31"}
{"error":"Operation `groups.find()` buffering timed out after 10000ms","level":"error","message":"DASHBOARD_SUMMARY_ERROR","service":"mkhondechain","timestamp":"2026-07-25 00:38:38"}
{"error":"Cast to ObjectId failed for value \"cmrywd4lg0001cp80lol7jinv\" (type string) at path \"_id\" for model \"Group\"","level":"error","message":"DASHBOARD_SUMMARY_ERROR","service":"mkhondechain","timestamp":"2026-07-25 00:38:46"}
{"error":"Operation `groups.find()` buffering timed out after 10000ms","level":"error","message":"DASHBOARD_SUMMARY_ERROR","service":"mkhondechain","timestamp":"2026-07-25 00:38:53"}
{"error":"Cast to ObjectId failed for value \"cmrywd4lg0001cp80lol7jinv\" (type string) at path \"_id\" for model \"Group\"","level":"error","message":"DASHBOARD_SUMMARY_ERROR","service":"mkhondechain","timestamp":"2026-07-25 00:39:01"}
{"error":"Operation `groups.find()` buffering timed out after 10000ms","level":"error","message":"DASHBOARD_SUMMARY_ERROR","service":"mkhondechain","timestamp":"2026-07-25 00:39:08"}
{"error":"Cast to ObjectId failed for value \"cmrywd4lg0001cp80lol7jinv\" (type string) at path \"_id\" for model \"Group\"","level":"error","message":"DASHBOARD_SUMMARY_ERROR","service":"mkhondechain","timestamp":"2026-07-25 00:39:16"}
{"error":"Operation `groups.find()` buffering timed out after 10000ms","level":"error","message":"DASHBOARD_SUMMARY_ERROR","service":"mkhondechain","timestamp":"2026-07-25 00:39:23"}
{"error":"Cast to ObjectId failed for value \"cmrywd4lg0001cp80lol7jinv\" (type string) at path \"_id\" for model \"Group\"","level":"error","message":"DASHBOARD_SUMMARY_ERROR","service":"mkhondechain","timestamp":"2026-07-25 00:39:31"}
{"error":"Operation `groups.find()` buffering timed out after 10000ms","level":"error","message":"DASHBOARD_SUMMARY_ERROR","service":"mkhondechain","timestamp":"2026-07-25 00:39:38"}
{"error":"Cast to ObjectId failed for value \"cmrywd4lg0001cp80lol7jinv\" (type string) at path \"_id\" for model \"Group\"","level":"error","message":"DASHBOARD_SUMMARY_ERROR","service":"mkhondechain","timestamp":"2026-07-25 00:39:46"}
{"error":"Operation `groups.find()` buffering timed out after 10000ms","level":"error","message":"DASHBOARD_SUMMARY_ERROR","service":"mkhondechain","timestamp":"2026-07-25 00:39:53"}
{"error":"Cast to ObjectId failed for value \"cmrywd4lg0001cp80lol7jinv\" (type string) at path \"_id\" for model \"Group\"","level":"error","message":"DASHBOARD_SUMMARY_ERROR","service":"mkhondechain","timestamp":"2026-07-25 00:40:01"}
{"error":"Operation `groups.find()` buffering timed out after 10000ms","level":"error","message":"DASHBOARD_SUMMARY_ERROR","service":"mkhondechain","timestamp":"2026-07-25 00:40:08"}
{"error":"Cast to ObjectId failed for value \"cmrywd4lg0001cp80lol7jinv\" (type string) at path \"_id\" for model \"Group\"","level":"error","message":"DASHBOARD_SUMMARY_ERROR","service":"mkhondechain","timestamp":"2026-07-25 00:40:16"}
{"error":"Operation `groups.find()` buffering timed out after 10000ms","level":"error","message":"DASHBOARD_SUMMARY_ERROR","service":"mkhondechain","timestamp":"2026-07-25 00:40:23"}
{"error":"Cast to ObjectId failed for value \"cmrywd4lg0001cp80lol7jinv\" (type string) at path \"_id\" for model \"Group\"","level":"error","message":"DASHBOARD_SUMMARY_ERROR","service":"mkhondechain","timestamp":"2026-07-25 00:40:31"}
{"error":"Operation `groups.find()` buffering timed out after 10000ms","level":"error","message":"DASHBOARD_SUMMARY_ERROR","service":"mkhondechain","timestamp":"2026-07-25 00:40:38"}
{"error":"Cast to ObjectId failed for value \"cmrywd4lg0001cp80lol7jinv\" (type string) at path \"_id\" for model \"Group\"","level":"error","message":"DASHBOARD_SUMMARY_ERROR","service":"mkhondechain","timestamp":"2026-07-25 00:40:46"}
{"error":"Operation `groups.find()` buffering timed out after 10000ms","level":"error","message":"DASHBOARD_SUMMARY_ERROR","service":"mkhondechain","timestamp":"2026-07-25 00:40:53"}
{"error":"Cast to ObjectId failed for value \"cmrywd4lg0001cp80lol7jinv\" (type string) at path \"_id\" for model \"Group\"","level":"error","message":"DASHBOARD_SUMMARY_ERROR","service":"mkhondechain","timestamp":"2026-07-25 00:41:01"}
{"error":"Operation `groups.find()` buffering timed out after 10000ms","level":"error","message":"DASHBOARD_SUMMARY_ERROR","service":"mkhondechain","timestamp":"2026-07-25 00:41:08"}
{"error":"Cast to ObjectId failed for value \"cmrywd4lg0001cp80lol7jinv\" (type string) at path \"_id\" for model \"Group\"","level":"error","message":"DASHBOARD_SUMMARY_ERROR","service":"mkhondechain","timestamp":"2026-07-25 00:41:16"}
{"error":"Operation `groups.find()` buffering timed out after 10000ms","level":"error","message":"DASHBOARD_SUMMARY_ERROR","service":"mkhondechain","timestamp":"2026-07-25 00:41:23"}
{"error":"Cast to ObjectId failed for value \"cmrywd4lg0001cp80lol7jinv\" (type string) at path \"_id\" for model \"Group\"","level":"error","message":"DASHBOARD_SUMMARY_ERROR","service":"mkhondechain","timestamp":"2026-07-25 00:41:31"}
{"error":"Operation `groups.find()` buffering timed out after 10000ms","level":"error","message":"DASHBOARD_SUMMARY_ERROR","service":"mkhondechain","timestamp":"2026-07-25 00:41:38"}
{"error":"Cast to ObjectId failed for value \"cmrywd4lg0001cp80lol7jinv\" (type string) at path \"_id\" for model \"Group\"","level":"error","message":"DASHBOARD_SUMMARY_ERROR","service":"mkhondechain","timestamp":"2026-07-25 00:41:46"}
{"error":"Operation `groups.find()` buffering timed out after 10000ms","level":"error","message":"DASHBOARD_SUMMARY_ERROR","service":"mkhondechain","timestamp":"2026-07-25 00:41:53"}
{"error":"Cast to ObjectId failed for value \"cmrywd4lg0001cp80lol7jinv\" (type string) at path \"_id\" for model \"Group\"","level":"error","message":"DASHBOARD_SUMMARY_ERROR","service":"mkhondechain","timestamp":"2026-07-25 00:42:01"}
{"error":"Operation `groups.find()` buffering timed out after 10000ms","level":"error","message":"DASHBOARD_SUMMARY_ERROR","service":"mkhondechain","timestamp":"2026-07-25 00:42:08"}
{"error":"Cast to ObjectId failed for value \"cmrywd4lg0001cp80lol7jinv\" (type string) at path \"_id\" for model \"Group\"","level":"error","message":"DASHBOARD_SUMMARY_ERROR","service":"mkhondechain","timestamp":"2026-07-25 00:42:16"}
{"error":"Operation `groups.find()` buffering timed out after 10000ms","level":"error","message":"DASHBOARD_SUMMARY_ERROR","service":"mkhondechain","timestamp":"2026-07-25 00:42:23"}
{"error":"Cast to ObjectId failed for value \"cmrywd4lg0001cp80lol7jinv\" (type string) at path \"_id\" for model \"Group\"","level":"error","message":"DASHBOARD_SUMMARY_ERROR","service":"mkhondechain","timestamp":"2026-07-25 00:42:31"}
{"error":"Operation `groups.find()` buffering timed out after 10000ms","level":"error","message":"DASHBOARD_SUMMARY_ERROR","service":"mkhondechain","timestamp":"2026-07-25 00:42:38"}
{"error":"Cast to ObjectId failed for value \"cmrywd4lg0001cp80lol7jinv\" (type string) at path \"_id\" for model \"Group\"","level":"error","message":"DASHBOARD_SUMMARY_ERROR","service":"mkhondechain","timestamp":"2026-07-25 00:42:46"}
{"error":"Operation `groups.find()` buffering timed out after 10000ms","level":"error","message":"DASHBOARD_SUMMARY_ERROR","service":"mkhondechain","timestamp":"2026-07-25 00:42:53"}
{"error":"Cast to ObjectId failed for value \"cmrywd4lg0001cp80lol7jinv\" (type string) at path \"_id\" for model \"Group\"","level":"error","message":"DASHBOARD_SUMMARY_ERROR","service":"mkhondechain","timestamp":"2026-07-25 00:43:01"}
{"error":"Operation `groups.find()` buffering timed out after 10000ms","level":"error","message":"DASHBOARD_SUMMARY_ERROR","service":"mkhondechain","timestamp":"2026-07-25 00:43:08"}
{"error":"Cast to ObjectId failed for value \"cmrywd4lg0001cp80lol7jinv\" (type string) at path \"_id\" for model \"Group\"","level":"error","message":"DASHBOARD_SUMMARY_ERROR","service":"mkhondechain","timestamp":"2026-07-25 00:43:16"}
{"error":"Operation `groups.find()` buffering timed out after 10000ms","level":"error","message":"DASHBOARD_SUMMARY_ERROR","service":"mkhondechain","timestamp":"2026-07-25 00:43:23"}
{"error":"Cast to ObjectId failed for value \"cmrywd4lg0001cp80lol7jinv\" (type string) at path \"_id\" for model \"Group\"","level":"error","message":"DASHBOARD_SUMMARY_ERROR","service":"mkhondechain","timestamp":"2026-07-25 00:43:31"}
{"error":"Operation `groups.find()` buffering timed out after 10000ms","level":"error","message":"DASHBOARD_SUMMARY_ERROR","service":"mkhondechain","timestamp":"2026-07-25 00:43:38"}
{"error":"Cast to ObjectId failed for value \"cmrywd4lg0001cp80lol7jinv\" (type string) at path \"_id\" for model \"Group\"","level":"error","message":"DASHBOARD_SUMMARY_ERROR","service":"mkhondechain","timestamp":"2026-07-25 00:43:46"}
{"error":"Operation `groups.find()` buffering timed out after 10000ms","level":"error","message":"DASHBOARD_SUMMARY_ERROR","service":"mkhondechain","timestamp":"2026-07-25 00:43:53"}
{"error":"Cast to ObjectId failed for value \"cmrywd4lg0001cp80lol7jinv\" (type string) at path \"_id\" for model \"Group\"","level":"error","message":"DASHBOARD_SUMMARY_ERROR","service":"mkhondechain","timestamp":"2026-07-25 00:44:01"}
{"error":"Operation `groups.find()` buffering timed out after 10000ms","level":"error","message":"DASHBOARD_SUMMARY_ERROR","service":"mkhondechain","timestamp":"2026-07-25 00:44:08"}
{"error":"Cast to ObjectId failed for value \"cmrywd4lg0001cp80lol7jinv\" (type string) at path \"_id\" for model \"Group\"","level":"error","message":"DASHBOARD_SUMMARY_ERROR","service":"mkhondechain","timestamp":"2026-07-25 00:44:16"}
{"error":"Operation `groups.find()` buffering timed out after 10000ms","level":"error","message":"DASHBOARD_SUMMARY_ERROR","service":"mkhondechain","timestamp":"2026-07-25 00:44:23"}
{"error":"Cast to ObjectId failed for value \"cmrywd4lg0001cp80lol7jinv\" (type string) at path \"_id\" for model \"Group\"","level":"error","message":"DASHBOARD_SUMMARY_ERROR","service":"mkhondechain","timestamp":"2026-07-25 00:44:31"}
{"error":"Operation `groups.find()` buffering timed out after 10000ms","level":"error","message":"DASHBOARD_SUMMARY_ERROR","service":"mkhondechain","timestamp":"2026-07-25 00:44:38"}
{"error":"Cast to ObjectId failed for value \"cmrywd4lg0001cp80lol7jinv\" (type string) at path \"_id\" for model \"Group\"","level":"error","message":"DASHBOARD_SUMMARY_ERROR","service":"mkhondechain","timestamp":"2026-07-25 00:44:46"}
{"error":"Operation `groups.find()` buffering timed out after 10000ms","level":"error","message":"DASHBOARD_SUMMARY_ERROR","service":"mkhondechain","timestamp":"2026-07-25 00:44:53"}
{"error":"Cast to ObjectId failed for value \"cmrywd4lg0001cp80lol7jinv\" (type string) at path \"_id\" for model \"Group\"","level":"error","message":"DASHBOARD_SUMMARY_ERROR","service":"mkhondechain","timestamp":"2026-07-25 00:45:01"}
{"error":"Operation `groups.find()` buffering timed out after 10000ms","level":"error","message":"DASHBOARD_SUMMARY_ERROR","service":"mkhondechain","timestamp":"2026-07-25 00:45:08"}
{"error":"Cast to ObjectId failed for value \"cmrywd4lg0001cp80lol7jinv\" (type string) at path \"_id\" for model \"Group\"","level":"error","message":"DASHBOARD_SUMMARY_ERROR","service":"mkhondechain","timestamp":"2026-07-25 00:45:16"}
{"error":"Operation `groups.find()` buffering timed out after 10000ms","level":"error","message":"DASHBOARD_SUMMARY_ERROR","service":"mkhondechain","timestamp":"2026-07-25 00:45:23"}
{"error":"Cast to ObjectId failed for value \"cmrywd4lg0001cp80lol7jinv\" (type string) at path \"_id\" for model \"Group\"","level":"error","message":"DASHBOARD_SUMMARY_ERROR","service":"mkhondechain","timestamp":"2026-07-25 00:45:31"}
{"error":"Operation `groups.find()` buffering timed out after 10000ms","level":"error","message":"DASHBOARD_SUMMARY_ERROR","service":"mkhondechain","timestamp":"2026-07-25 00:45:38"}
{"error":"Cast to ObjectId failed for value \"cmrywd4lg0001cp80lol7jinv\" (type string) at path \"_id\" for model \"Group\"","level":"error","message":"DASHBOARD_SUMMARY_ERROR","service":"mkhondechain","timestamp":"2026-07-25 00:49:31"}
{"error":"Cast to ObjectId failed for value \"cmrywd4lg0001cp80lol7jinv\" (type string) at path \"_id\" for model \"Group\"","level":"error","message":"DASHBOARD_SUMMARY_ERROR","service":"mkhondechain","timestamp":"2026-07-25 00:49:46"}
{"error":"Operation `groups.find()` buffering timed out after 10000ms","level":"error","message":"DASHBOARD_SUMMARY_ERROR","service":"mkhondechain","timestamp":"2026-07-25 00:49:53"}
{"error":"Cast to ObjectId failed for value \"cmrywd4lg0001cp80lol7jinv\" (type string) at path \"_id\" for model \"Group\"","level":"error","message":"DASHBOARD_SUMMARY_ERROR","service":"mkhondechain","timestamp":"2026-07-25 00:50:01"}
{"error":"Operation `groups.find()` buffering timed out after 10000ms","level":"error","message":"DASHBOARD_SUMMARY_ERROR","service":"mkhondechain","timestamp":"2026-07-25 00:50:08"}
{"error":"Cast to ObjectId failed for value \"cmrywd4lg0001cp80lol7jinv\" (type string) at path \"_id\" for model \"Group\"","level":"error","message":"DASHBOARD_SUMMARY_ERROR","service":"mkhondechain","timestamp":"2026-07-25 00:50:16"}
{"error":"Operation `groups.find()` buffering timed out after 10000ms","level":"error","message":"DASHBOARD_SUMMARY_ERROR","service":"mkhondechain","timestamp":"2026-07-25 00:50:23"}
{"error":"Cast to ObjectId failed for value \"cmrywd4lg0001cp80lol7jinv\" (type string) at path \"_id\" for model \"Group\"","level":"error","message":"DASHBOARD_SUMMARY_ERROR","service":"mkhondechain","timestamp":"2026-07-25 00:50:31"}
{"error":"Operation `groups.find()` buffering timed out after 10000ms","level":"error","message":"DASHBOARD_SUMMARY_ERROR","service":"mkhondechain","timestamp":"2026-07-25 00:50:38"}
{"error":"Cast to ObjectId failed for value \"cmrywd4lg0001cp80lol7jinv\" (type string) at path \"_id\" for model \"Group\"","level":"error","message":"DASHBOARD_SUMMARY_ERROR","service":"mkhondechain","timestamp":"2026-07-25 00:50:46"}
{"error":"Operation `groups.find()` buffering timed out after 10000ms","level":"error","message":"DASHBOARD_SUMMARY_ERROR","service":"mkhondechain","timestamp":"2026-07-25 00:50:53"}
{"error":"Cast to ObjectId failed for value \"cmrywd4lg0001cp80lol7jinv\" (type string) at path \"_id\" for model \"Group\"","level":"error","message":"DASHBOARD_SUMMARY_ERROR","service":"mkhondechain","timestamp":"2026-07-25 00:51:01"}
{"error":"Operation `groups.find()` buffering timed out after 10000ms","level":"error","message":"DASHBOARD_SUMMARY_ERROR","service":"mkhondechain","timestamp":"2026-07-25 00:51:08"}
{"error":"Cast to ObjectId failed for value \"cmrywd4lg0001cp80lol7jinv\" (type string) at path \"_id\" for model \"Group\"","level":"error","message":"DASHBOARD_SUMMARY_ERROR","service":"mkhondechain","timestamp":"2026-07-25 00:51:16"}
{"error":"Operation `groups.find()` buffering timed out after 10000ms","level":"error","message":"DASHBOARD_SUMMARY_ERROR","service":"mkhondechain","timestamp":"2026-07-25 00:51:23"}
{"error":"Cast to ObjectId failed for value \"cmrywd4lg0001cp80lol7jinv\" (type string) at path \"_id\" for model \"Group\"","level":"error","message":"DASHBOARD_SUMMARY_ERROR","service":"mkhondechain","timestamp":"2026-07-25 00:51:31"}
{"error":"Operation `groups.find()` buffering timed out after 10000ms","level":"error","message":"DASHBOARD_SUMMARY_ERROR","service":"mkhondechain","timestamp":"2026-07-25 00:51:38"}
{"error":"Cast to ObjectId failed for value \"cmrywd4lg0001cp80lol7jinv\" (type string) at path \"_id\" for model \"Group\"","level":"error","message":"DASHBOARD_SUMMARY_ERROR","service":"mkhondechain","timestamp":"2026-07-25 00:51:46"}
{"error":"Operation `groups.find()` buffering timed out after 10000ms","level":"error","message":"DASHBOARD_SUMMARY_ERROR","service":"mkhondechain","timestamp":"2026-07-25 00:51:53"}
{"error":"Cast to ObjectId failed for value \"cmrywd4lg0001cp80lol7jinv\" (type string) at path \"_id\" for model \"Group\"","level":"error","message":"DASHBOARD_SUMMARY_ERROR","service":"mkhondechain","timestamp":"2026-07-25 00:52:01"}
{"error":"Operation `groups.find()` buffering timed out after 10000ms","level":"error","message":"DASHBOARD_SUMMARY_ERROR","service":"mkhondechain","timestamp":"2026-07-25 00:52:08"}
{"level":"info","message":"PAYMENT_GATEWAY_LOADED","provider":"Mock Airtel Money","service":"mkhondechain","timestamp":"2026-07-25 00:52:14"}
{"env":"development","level":"info","message":"SERVER_STARTED","port":"4000","service":"mkhondechain","timestamp":"2026-07-25 00:52:14"}
{"level":"info","message":"POSTGRES_CONNECTED","service":"mkhondechain","timestamp":"2026-07-25 00:52:14"}
{"level":"info","message":"PAYMENT_GATEWAY_LOADED","provider":"Mock Airtel Money","service":"mkhondechain","timestamp":"2026-07-25 01:34:03"}
{"env":"development","level":"info","message":"SERVER_STARTED","port":"4000","service":"mkhondechain","timestamp":"2026-07-25 01:34:03"}
{"level":"info","message":"POSTGRES_CONNECTED","service":"mkhondechain","timestamp":"2026-07-25 01:34:03"}
{"level":"info","message":"PAYMENT_GATEWAY_LOADED","provider":"Mock Airtel Money","service":"mkhondechain","timestamp":"2026-07-25 05:40:12"}
{"env":"development","level":"info","message":"SERVER_STARTED","port":"4000","service":"mkhondechain","timestamp":"2026-07-25 05:40:12"}
{"level":"info","message":"POSTGRES_CONNECTED","service":"mkhondechain","timestamp":"2026-07-25 05:40:12"}
{"admin":"tenganileader","groupId":"cmrywd4lg0001cp80lol7jinv","level":"info","memberId":"cmrztmqpz0001cp5a3qvx4pn0","message":"MEMBER_CREATED","phone":"+265882781930","service":"mkhondechain","timestamp":"2026-07-25 05:40:19"}
{"level":"info","message":"PAYMENT_GATEWAY_LOADED","provider":"Mock Airtel Money","service":"mkhondechain","timestamp":"2026-07-25 07:44:40"}
{"env":"development","level":"info","message":"SERVER_STARTED","port":"4000","service":"mkhondechain","timestamp":"2026-07-25 07:44:40"}
{"level":"info","message":"POSTGRES_CONNECTED","service":"mkhondechain","timestamp":"2026-07-25 07:44:40"}
{"ip":"::1","level":"warn","message":"UNAUTHORIZED_ACCESS","path":"/","service":"mkhondechain","timestamp":"2026-07-25 10:00:03","token":"present"}
{"ip":"::1","level":"warn","message":"UNAUTHORIZED_ACCESS","path":"/settings","service":"mkhondechain","timestamp":"2026-07-25 10:00:03","token":"present"}
{"ip":"::1","level":"warn","message":"UNAUTHORIZED_ACCESS","path":"/settings","service":"mkhondechain","timestamp":"2026-07-25 10:00:03","token":"present"}
{"ip":"::1","level":"warn","message":"UNAUTHORIZED_ACCESS","path":"/","service":"mkhondechain","timestamp":"2026-07-25 10:00:03","token":"present"}
{"ip":"::1","level":"warn","message":"UNAUTHORIZED_ACCESS","path":"/","service":"mkhondechain","timestamp":"2026-07-25 10:00:03","token":"present"}
{"ip":"::1","level":"warn","message":"UNAUTHORIZED_ACCESS","path":"/","service":"mkhondechain","timestamp":"2026-07-25 10:00:03","token":"present"}
{"admin":"tenganileader","ip":"::1","level":"info","message":"LOGIN_SUCCESS","service":"mkhondechain","timestamp":"2026-07-25 10:00:06"}
{"ip":"::1","level":"warn","message":"UNAUTHORIZED_ACCESS","path":"/","service":"mkhondechain","timestamp":"2026-07-25 19:23:22","token":"present"}
{"ip":"::1","level":"warn","message":"UNAUTHORIZED_ACCESS","path":"/settings","service":"mkhondechain","timestamp":"2026-07-25 19:23:22","token":"present"}
{"ip":"::1","level":"warn","message":"UNAUTHORIZED_ACCESS","path":"/","service":"mkhondechain","timestamp":"2026-07-25 19:23:22","token":"present"}
{"ip":"::1","level":"warn","message":"UNAUTHORIZED_ACCESS","path":"/settings","service":"mkhondechain","timestamp":"2026-07-25 19:23:22","token":"present"}
{"ip":"::1","level":"warn","message":"UNAUTHORIZED_ACCESS","path":"/","service":"mkhondechain","timestamp":"2026-07-25 19:23:22","token":"present"}
{"ip":"::1","level":"warn","message":"UNAUTHORIZED_ACCESS","path":"/","service":"mkhondechain","timestamp":"2026-07-25 19:23:22","token":"present"}
{"admin":"tenganileader","ip":"::1","level":"info","message":"LOGIN_SUCCESS","service":"mkhondechain","timestamp":"2026-07-26 05:34:13"}
{"level":"info","message":"PAYMENT_GATEWAY_LOADED","provider":"Mock Airtel Money","service":"mkhondechain","timestamp":"2026-07-26 05:58:43"}
{"env":"development","level":"info","message":"SERVER_STARTED","port":"4000","service":"mkhondechain","timestamp":"2026-07-26 05:58:43"}
{"level":"info","message":"POSTGRES_CONNECTED","service":"mkhondechain","timestamp":"2026-07-26 05:58:43"}
{"level":"info","message":"PAYMENT_GATEWAY_LOADED","provider":"Mock Airtel Money","service":"mkhondechain","timestamp":"2026-07-26 05:59:46"}
{"env":"development","level":"info","message":"SERVER_STARTED","port":"4000","service":"mkhondechain","timestamp":"2026-07-26 05:59:46"}
{"level":"info","message":"POSTGRES_CONNECTED","service":"mkhondechain","timestamp":"2026-07-26 05:59:46"}
{"level":"info","message":"PAYMENT_GATEWAY_LOADED","provider":"Mock Airtel Money","service":"mkhondechain","timestamp":"2026-07-26 06:07:49"}
{"env":"development","level":"info","message":"SERVER_STARTED","port":"4000","service":"mkhondechain","timestamp":"2026-07-26 06:07:49"}
{"level":"info","message":"POSTGRES_CONNECTED","service":"mkhondechain","timestamp":"2026-07-26 06:07:50"}
{"cycleEndDate":"2026-07-26T22:00:00.000Z","groupId":"cmrywd4lg0001cp80lol7jinv","level":"info","message":"CYCLE_STARTED","service":"mkhondechain","startedBy":"tenganileader","timestamp":"2026-07-26 06:08:22"}
{"level":"info","message":"PAYMENT_GATEWAY_LOADED","provider":"Mock Airtel Money","service":"mkhondechain","timestamp":"2026-07-26 06:13:44"}
{"env":"development","level":"info","message":"SERVER_STARTED","port":"4000","service":"mkhondechain","timestamp":"2026-07-26 06:13:44"}
{"level":"info","message":"POSTGRES_CONNECTED","service":"mkhondechain","timestamp":"2026-07-26 06:13:44"}
{"cycleEndDate":"2026-12-30T22:00:00.000Z","groupId":"cmrywd4lg0001cp80lol7jinv","level":"info","message":"CYCLE_STARTED","service":"mkhondechain","startedBy":"tenganileader","timestamp":"2026-07-26 06:15:26"}
{"ip":"::1","level":"warn","message":"UNAUTHORIZED_ACCESS","path":"/","service":"mkhondechain","timestamp":"2026-07-26 06:16:40","token":"present"}
{"ip":"::1","level":"warn","message":"UNAUTHORIZED_ACCESS","path":"/stats","service":"mkhondechain","timestamp":"2026-07-26 06:16:40","token":"present"}
{"ip":"::1","level":"warn","message":"UNAUTHORIZED_ACCESS","path":"/","service":"mkhondechain","timestamp":"2026-07-26 06:16:40","token":"present"}
{"ip":"::1","level":"warn","message":"UNAUTHORIZED_ACCESS","path":"/stats","service":"mkhondechain","timestamp":"2026-07-26 06:16:40","token":"present"}
{"admin":"pkulinji","ip":"::1","level":"info","message":"LOGIN_SUCCESS","service":"mkhondechain","timestamp":"2026-07-26 06:16:44"}
{"createdBy":"pkulinji","groupId":"cms1l24w10002cpurb8aqs5oa","leader":"test","level":"info","message":"GROUP_CREATED","name":"testleader","service":"mkhondechain","timestamp":"2026-07-26 11:15:53"}
{"ip":"::1","level":"warn","message":"LOGIN_FAILED","reason":"Invalid credentials","service":"mkhondechain","timestamp":"2026-07-26 11:17:20","username":"testleader"}
{"ip":"::1","level":"warn","message":"LOGIN_FAILED","reason":"Invalid credentials","service":"mkhondechain","timestamp":"2026-07-26 11:18:04","username":"testleader"}
{"ip":"::1","level":"warn","message":"LOGIN_FAILED","reason":"Invalid credentials","service":"mkhondechain","timestamp":"2026-07-26 11:18:59","username":"testleader"}
{"ip":"::1","level":"warn","message":"LOGIN_FAILED","reason":"Invalid credentials","service":"mkhondechain","timestamp":"2026-07-26 11:19:45","username":"testleader"}
{"ip":"::1","level":"warn","message":"LOGIN_FAILED","reason":"Invalid credentials","service":"mkhondechain","timestamp":"2026-07-26 11:20:27","username":"testleader"}
{"admin":"pkulinji","ip":"::1","level":"info","message":"LOGIN_SUCCESS","service":"mkhondechain","timestamp":"2026-07-26 11:51:18"}
{"createdBy":"pkulinji","groupId":"cms1mchsb0007cpurjlj1py8m","leader":"chair99","level":"info","message":"GROUP_CREATED","name":"TESTGROUP99","service":"mkhondechain","timestamp":"2026-07-26 11:51:56"}
{"admin":"chair99","ip":"::1","level":"info","message":"LOGIN_SUCCESS","service":"mkhondechain","timestamp":"2026-07-26 11:52:28"}
{"admin":"chair99","groupId":"cms1mchsb0007cpurjlj1py8m","level":"info","memberId":"cms1mhqfa000bcpurl8f7me93","message":"MEMBER_CREATED","phone":"+265995049331","service":"mkhondechain","timestamp":"2026-07-26 11:56:00"}
{"admin":"chair99","groupId":"cms1mchsb0007cpurjlj1py8m","level":"info","memberId":"cms1mird3000dcpurw648z5o8","message":"MEMBER_CREATED","phone":"+265882781930","service":"mkhondechain","timestamp":"2026-07-26 11:56:48"}
{"admin":"chair99","groupId":"cms1mchsb0007cpurjlj1py8m","level":"info","memberId":"cms1mj94y000fcpurhmmkkmzi","message":"MEMBER_CREATED","phone":"+265991000003","service":"mkhondechain","timestamp":"2026-07-26 11:57:11"}
{"ip":"::1","level":"info","message":"USSD_REQUEST","phoneNumber":" 265995049331","service":"mkhondechain","sessionId":"alice001","text":"","timestamp":"2026-07-26 12:08:04"}
{"ip":"::1","level":"info","message":"USSD_REQUEST","phoneNumber":"+265995049331","service":"mkhondechain","sessionId":"alice001","text":"","timestamp":"2026-07-26 12:09:03"}
{"level":"info","message":"PAYMENT_GATEWAY_LOADED","provider":"Mock Airtel Money","service":"mkhondechain","timestamp":"2026-07-26 12:16:29"}
{"env":"development","level":"info","message":"SERVER_STARTED","port":"4000","service":"mkhondechain","timestamp":"2026-07-26 12:16:29"}
{"level":"info","message":"POSTGRES_CONNECTED","service":"mkhondechain","timestamp":"2026-07-26 12:16:29"}
{"ip":"::1","level":"info","message":"USSD_REQUEST","phoneNumber":"+265995049331","service":"mkhondechain","sessionId":"ATUid_a5b3c04c037f06537f7e544a49f04b3c","text":"","timestamp":"2026-07-26 12:25:11"}
{"ip":"::1","level":"info","message":"USSD_REQUEST","phoneNumber":"+265995049331","service":"mkhondechain","sessionId":"ATUid_9aae830a7a2d4b2e998affb67520112d","text":"","timestamp":"2026-07-26 12:27:06"}
{"ip":"::1","level":"info","message":"USSD_REQUEST","phoneNumber":"+265995049331","service":"mkhondechain","sessionId":"ATUid_9aae830a7a2d4b2e998affb67520112d","text":"1234","timestamp":"2026-07-26 12:27:11"}
{"ip":"::1","level":"info","message":"USSD_REQUEST","phoneNumber":"+265995049331","service":"mkhondechain","sessionId":"ATUid_291541f0ebb12c563c5d05855bb09d5b","text":"","timestamp":"2026-07-26 12:28:53"}
{"ip":"::1","level":"info","message":"USSD_REQUEST","phoneNumber":"+265995049331","service":"mkhondechain","sessionId":"ATUid_291541f0ebb12c563c5d05855bb09d5b","text":"1234","timestamp":"2026-07-26 12:28:59"}
{"ip":"::1","level":"info","message":"USSD_REQUEST","phoneNumber":"+265995049331","service":"mkhondechain","sessionId":"ATUid_291541f0ebb12c563c5d05855bb09d5b","text":"1234*4321","timestamp":"2026-07-26 12:29:07"}
{"ip":"::1","level":"info","message":"USSD_REQUEST","phoneNumber":"+265995049331","service":"mkhondechain","sessionId":"ATUid_e5488ca451b0c94cd3f9d709af49b44e","text":"","timestamp":"2026-07-26 12:29:52"}
{"ip":"::1","level":"info","message":"USSD_REQUEST","phoneNumber":"+265995049331","service":"mkhondechain","sessionId":"ATUid_e5488ca451b0c94cd3f9d709af49b44e","text":"1234","timestamp":"2026-07-26 12:30:05"}
{"ip":"::1","level":"info","message":"USSD_REQUEST","phoneNumber":"+265995049331","service":"mkhondechain","sessionId":"ATUid_e32feb814488d35deb7e7cbe42710cc2","text":"","timestamp":"2026-07-26 12:30:19"}
{"ip":"::1","level":"info","message":"USSD_REQUEST","phoneNumber":"+265995049331","service":"mkhondechain","sessionId":"ATUid_e32feb814488d35deb7e7cbe42710cc2","text":"1234","timestamp":"2026-07-26 12:30:25"}
{"ip":"::1","level":"info","message":"USSD_REQUEST","phoneNumber":"+265995049331","service":"mkhondechain","sessionId":"ATUid_e32feb814488d35deb7e7cbe42710cc2","text":"1234*1234","timestamp":"2026-07-26 12:30:30"}
{"ip":"::1","level":"info","message":"USSD_REQUEST","phoneNumber":"+265995049331","service":"mkhondechain","sessionId":"ATUid_e32feb814488d35deb7e7cbe42710cc2","text":"1234*1234*4321","timestamp":"2026-07-26 12:30:40"}
{"ip":"::1","level":"info","message":"USSD_REQUEST","phoneNumber":"+265995049331","service":"mkhondechain","sessionId":"ATUid_e32feb814488d35deb7e7cbe42710cc2","text":"1234*1234*4321*4321","timestamp":"2026-07-26 12:30:45"}
{"level":"info","memberId":"cms1mhqfa000bcpurl8f7me93","message":"MEMBER_PIN_SELF_CHANGED","service":"mkhondechain","timestamp":"2026-07-26 12:30:46"}
{"ip":"::1","level":"info","message":"USSD_REQUEST","phoneNumber":"+265995049331","service":"mkhondechain","sessionId":"ATUid_b32522ffffb1ffd86cab9f5fcf880140","text":"","timestamp":"2026-07-26 12:31:49"}
{"ip":"::1","level":"info","message":"USSD_REQUEST","phoneNumber":"+265882781930","service":"mkhondechain","sessionId":"ATUid_173d11cfcdab5cd7de186b26f2f19155","text":"","timestamp":"2026-07-26 13:47:58"}
{"ip":"::1","level":"info","message":"USSD_REQUEST","phoneNumber":"+265882781930","service":"mkhondechain","sessionId":"ATUid_173d11cfcdab5cd7de186b26f2f19155","text":"1234","timestamp":"2026-07-26 13:48:12"}
{"ip":"::1","level":"info","message":"USSD_REQUEST","phoneNumber":"+265882781930","service":"mkhondechain","sessionId":"ATUid_173d11cfcdab5cd7de186b26f2f19155","text":"1234*1234","timestamp":"2026-07-26 13:48:17"}
{"ip":"::1","level":"info","message":"USSD_REQUEST","phoneNumber":"+265882781930","service":"mkhondechain","sessionId":"ATUid_173d11cfcdab5cd7de186b26f2f19155","text":"1234*1234*4321","timestamp":"2026-07-26 13:48:22"}
{"ip":"::1","level":"info","message":"USSD_REQUEST","phoneNumber":"+265882781930","service":"mkhondechain","sessionId":"ATUid_173d11cfcdab5cd7de186b26f2f19155","text":"1234*1234*4321*4321","timestamp":"2026-07-26 13:48:26"}
{"level":"info","memberId":"cms1mird3000dcpurw648z5o8","message":"MEMBER_PIN_SELF_CHANGED","service":"mkhondechain","timestamp":"2026-07-26 13:48:26"}
{"ip":"::1","level":"info","message":"USSD_REQUEST","phoneNumber":"+265991000003","service":"mkhondechain","sessionId":"ATUid_2dd6cea999ee4256f7782007ada78188","text":"","timestamp":"2026-07-26 13:49:02"}
{"ip":"::1","level":"info","message":"USSD_REQUEST","phoneNumber":"+265991000003","service":"mkhondechain","sessionId":"ATUid_2dd6cea999ee4256f7782007ada78188","text":"1234","timestamp":"2026-07-26 13:49:07"}
{"ip":"::1","level":"info","message":"USSD_REQUEST","phoneNumber":"+265991000003","service":"mkhondechain","sessionId":"ATUid_2dd6cea999ee4256f7782007ada78188","text":"1234*1234","timestamp":"2026-07-26 13:49:11"}
{"ip":"::1","level":"info","message":"USSD_REQUEST","phoneNumber":"+265991000003","service":"mkhondechain","sessionId":"ATUid_2dd6cea999ee4256f7782007ada78188","text":"1234*1234*4321","timestamp":"2026-07-26 13:49:18"}
{"ip":"::1","level":"info","message":"USSD_REQUEST","phoneNumber":"+265991000003","service":"mkhondechain","sessionId":"ATUid_2dd6cea999ee4256f7782007ada78188","text":"1234*1234*4321*4321","timestamp":"2026-07-26 13:49:23"}
{"level":"info","memberId":"cms1mj94y000fcpurhmmkkmzi","message":"MEMBER_PIN_SELF_CHANGED","service":"mkhondechain","timestamp":"2026-07-26 13:49:23"}
{"cycleEndDate":"2026-07-31T22:00:00.000Z","groupId":"cms1mchsb0007cpurjlj1py8m","level":"info","message":"CYCLE_STARTED","service":"mkhondechain","startedBy":"chair99","timestamp":"2026-07-26 13:50:39"}
{"ip":"::1","level":"info","message":"USSD_REQUEST","phoneNumber":"+265991000003","service":"mkhondechain","sessionId":"ATUid_2555d20ad6793aa362185e9527327e73","text":"","timestamp":"2026-07-26 13:52:36"}
{"ip":"::1","level":"info","message":"USSD_REQUEST","phoneNumber":"+265991000003","service":"mkhondechain","sessionId":"ATUid_2555d20ad6793aa362185e9527327e73","text":"1","timestamp":"2026-07-26 13:52:39"}
{"ip":"::1","level":"info","message":"USSD_REQUEST","phoneNumber":"+265991000003","service":"mkhondechain","sessionId":"ATUid_2555d20ad6793aa362185e9527327e73","text":"1*4321","timestamp":"2026-07-26 13:52:47"}
{"ip":"::1","level":"info","message":"USSD_REQUEST","phoneNumber":"+265991000003","service":"mkhondechain","sessionId":"ATUid_2555d20ad6793aa362185e9527327e73","text":"1*4321*11000","timestamp":"2026-07-26 13:52:59"}
{"ip":"::1","level":"info","message":"USSD_REQUEST","phoneNumber":"+265991000003","service":"mkhondechain","sessionId":"ATUid_2555d20ad6793aa362185e9527327e73","text":"1*4321*11000*1","timestamp":"2026-07-26 13:53:06"}
{"amount":11000,"level":"info","message":"MOCK_AIRTEL_CHECKOUT","phoneNumber":"+265991000003","reference":"SAV-1785066786696-5337","service":"mkhondechain","timestamp":"2026-07-26 13:53:06"}
{"cost":"Sent to 1/1 Total Cost: MWK 15.0000 Message parts: 1","level":"info","message":"SMS_SENT","messageLength":101,"phone":"+265991000003","service":"mkhondechain","timestamp":"2026-07-26 13:53:08"}
{"amount":11000,"ip":"::1","level":"info","message":"USSD_TRANSACTION","phone":"+265991000003","reference":"SAV-1785066786696-5337","service":"mkhondechain","timestamp":"2026-07-26 13:53:08","type":"save"}
{"ip":"::1","level":"info","message":"USSD_REQUEST","phoneNumber":"+265995049331","service":"mkhondechain","sessionId":"ATUid_6cd7ce179dc5f30d031178dfc86972d8","text":"","timestamp":"2026-07-26 13:54:07"}
{"ip":"::1","level":"info","message":"USSD_REQUEST","phoneNumber":"+265995049331","service":"mkhondechain","sessionId":"ATUid_6cd7ce179dc5f30d031178dfc86972d8","text":"1","timestamp":"2026-07-26 13:54:13"}
{"ip":"::1","level":"info","message":"USSD_REQUEST","phoneNumber":"+265995049331","service":"mkhondechain","sessionId":"ATUid_6cd7ce179dc5f30d031178dfc86972d8","text":"1*4323","timestamp":"2026-07-26 13:54:22"}
{"ip":"::1","level":"info","message":"USSD_REQUEST","phoneNumber":"+265995049331","service":"mkhondechain","sessionId":"ATUid_3eb79ff3c00a47f6ab6ff7e69f40c4aa","text":"","timestamp":"2026-07-26 13:54:30"}
{"ip":"::1","level":"info","message":"USSD_REQUEST","phoneNumber":"+265995049331","service":"mkhondechain","sessionId":"ATUid_3eb79ff3c00a47f6ab6ff7e69f40c4aa","text":"1","timestamp":"2026-07-26 13:54:35"}
{"ip":"::1","level":"info","message":"USSD_REQUEST","phoneNumber":"+265995049331","service":"mkhondechain","sessionId":"ATUid_3eb79ff3c00a47f6ab6ff7e69f40c4aa","text":"1*4321","timestamp":"2026-07-26 13:54:43"}
{"ip":"::1","level":"info","message":"USSD_REQUEST","phoneNumber":"+265995049331","service":"mkhondechain","sessionId":"ATUid_3eb79ff3c00a47f6ab6ff7e69f40c4aa","text":"1*4321*14000","timestamp":"2026-07-26 13:54:50"}
{"ip":"::1","level":"info","message":"USSD_REQUEST","phoneNumber":"+265995049331","service":"mkhondechain","sessionId":"ATUid_3eb79ff3c00a47f6ab6ff7e69f40c4aa","text":"1*4321*14000*1","timestamp":"2026-07-26 13:54:54"}
{"amount":14000,"level":"info","message":"MOCK_AIRTEL_CHECKOUT","phoneNumber":"+265995049331","reference":"SAV-1785066894937-4810","service":"mkhondechain","timestamp":"2026-07-26 13:54:54"}
{"cost":"Sent to 1/1 Total Cost: MWK 15.0000 Message parts: 1","level":"info","message":"SMS_SENT","messageLength":101,"phone":"+265995049331","service":"mkhondechain","timestamp":"2026-07-26 13:54:57"}
{"amount":14000,"ip":"::1","level":"info","message":"USSD_TRANSACTION","phone":"+265995049331","reference":"SAV-1785066894937-4810","service":"mkhondechain","timestamp":"2026-07-26 13:54:57","type":"save"}
{"ip":"::1","level":"info","message":"USSD_REQUEST","phoneNumber":"+265882781930","service":"mkhondechain","sessionId":"ATUid_517752f423084a926800c1b12944d19c","text":"","timestamp":"2026-07-26 13:55:13"}
{"ip":"::1","level":"info","message":"USSD_REQUEST","phoneNumber":"+265882781930","service":"mkhondechain","sessionId":"ATUid_517752f423084a926800c1b12944d19c","text":"1","timestamp":"2026-07-26 13:55:21"}
{"ip":"::1","level":"info","message":"USSD_REQUEST","phoneNumber":"+265882781930","service":"mkhondechain","sessionId":"ATUid_517752f423084a926800c1b12944d19c","text":"1*4321","timestamp":"2026-07-26 13:55:26"}
{"ip":"::1","level":"info","message":"USSD_REQUEST","phoneNumber":"+265882781930","service":"mkhondechain","sessionId":"ATUid_517752f423084a926800c1b12944d19c","text":"1*4321*17000","timestamp":"2026-07-26 13:55:32"}
{"ip":"::1","level":"info","message":"USSD_REQUEST","phoneNumber":"+265882781930","service":"mkhondechain","sessionId":"ATUid_517752f423084a926800c1b12944d19c","text":"1*4321*17000*1","timestamp":"2026-07-26 13:55:35"}
{"amount":17000,"level":"info","message":"MOCK_AIRTEL_CHECKOUT","phoneNumber":"+265882781930","reference":"SAV-1785066935762-7336","service":"mkhondechain","timestamp":"2026-07-26 13:55:35"}
{"cost":"Sent to 1/1 Total Cost: MWK 15.0000 Message parts: 1","level":"info","message":"SMS_SENT","messageLength":101,"phone":"+265882781930","service":"mkhondechain","timestamp":"2026-07-26 13:55:37"}
{"amount":17000,"ip":"::1","level":"info","message":"USSD_TRANSACTION","phone":"+265882781930","reference":"SAV-1785066935762-7336","service":"mkhondechain","timestamp":"2026-07-26 13:55:37","type":"save"}
{"ip":"::1","level":"info","message":"USSD_REQUEST","phoneNumber":"+265882781930","service":"mkhondechain","sessionId":"ATUid_0fe0db265b49b523cd021606435a6f6e","text":"","timestamp":"2026-07-26 13:58:19"}
{"ip":"::1","level":"info","message":"USSD_REQUEST","phoneNumber":"+265882781930","service":"mkhondechain","sessionId":"ATUid_0fe0db265b49b523cd021606435a6f6e","text":"2","timestamp":"2026-07-26 13:58:33"}
{"ip":"::1","level":"info","message":"USSD_REQUEST","phoneNumber":"+265882781930","service":"mkhondechain","sessionId":"ATUid_0fe0db265b49b523cd021606435a6f6e","text":"2*4321","timestamp":"2026-07-26 13:58:38"}
{"ip":"::1","level":"info","message":"USSD_REQUEST","phoneNumber":"+265882781930","service":"mkhondechain","sessionId":"ATUid_0fe0db265b49b523cd021606435a6f6e","text":"2*4321*2","timestamp":"2026-07-26 13:58:43"}
{"ip":"::1","level":"info","message":"USSD_REQUEST","phoneNumber":"+265882781930","service":"mkhondechain","sessionId":"ATUid_0fe0db265b49b523cd021606435a6f6e","text":"2*4321*2*1","timestamp":"2026-07-26 13:58:49"}
{"cost":"Sent to 1/1 Total Cost: MWK 15.0000 Message parts: 1","level":"info","message":"SMS_SENT","messageLength":106,"phone":"+265882781930","service":"mkhondechain","timestamp":"2026-07-26 13:58:51"}
{"amount":2000,"ip":"::1","level":"info","message":"USSD_TRANSACTION","phone":"+265882781930","reference":"BOR-1785067129575-5766","service":"mkhondechain","timestamp":"2026-07-26 13:58:51","type":"borrow_request"}
{"amount":2000,"level":"info","message":"MOCK_AIRTEL_DISBURSE","phoneNumber":"+265882781930","reference":"BOR-1785067129575-5766","service":"mkhondechain","timestamp":"2026-07-26 14:01:38"}
{"cost":"Sent to 1/1 Total Cost: MWK 45.0000 Message parts: 3","level":"info","message":"SMS_SENT","messageLength":322,"phone":"+265882781930","service":"mkhondechain","timestamp":"2026-07-26 14:01:42"}
{"ip":"::1","level":"info","message":"USSD_REQUEST","phoneNumber":"+265882781930","service":"mkhondechain","sessionId":"ATUid_3772727f33960b2d566972ac912cdcb8","text":"","timestamp":"2026-07-26 14:02:20"}
{"ip":"::1","level":"info","message":"USSD_REQUEST","phoneNumber":"+265882781930","service":"mkhondechain","sessionId":"ATUid_3772727f33960b2d566972ac912cdcb8","text":"3","timestamp":"2026-07-26 14:02:24"}
{"ip":"::1","level":"info","message":"USSD_REQUEST","phoneNumber":"+265882781930","service":"mkhondechain","sessionId":"ATUid_3772727f33960b2d566972ac912cdcb8","text":"3*4321","timestamp":"2026-07-26 14:02:29"}
{"ip":"::1","level":"info","message":"USSD_REQUEST","phoneNumber":"+265882781930","service":"mkhondechain","sessionId":"ATUid_3772727f33960b2d566972ac912cdcb8","text":"3*4321*2000","timestamp":"2026-07-26 14:02:38"}
{"ip":"::1","level":"info","message":"USSD_REQUEST","phoneNumber":"+265882781930","service":"mkhondechain","sessionId":"ATUid_3772727f33960b2d566972ac912cdcb8","text":"3*4321*2000*1","timestamp":"2026-07-26 14:02:41"}
{"amount":2000,"level":"info","message":"MOCK_AIRTEL_CHECKOUT","phoneNumber":"+265882781930","reference":"REP-1785067361864-7653","service":"mkhondechain","timestamp":"2026-07-26 14:02:41"}
{"cost":"Sent to 1/1 Total Cost: MWK 15.0000 Message parts: 1","level":"info","message":"SMS_SENT","messageLength":94,"phone":"+265882781930","service":"mkhondechain","timestamp":"2026-07-26 14:02:43"}
{"amount":2000,"ip":"::1","level":"info","message":"USSD_TRANSACTION","phone":"+265882781930","reference":"REP-1785067361864-7653","service":"mkhondechain","timestamp":"2026-07-26 14:02:43","type":"repay"}
{"ip":"::1","level":"info","message":"USSD_REQUEST","phoneNumber":"+265991000003","service":"mkhondechain","sessionId":"ATUid_7bb1d06e51a80d31bad1ba983a87a9fe","text":"","timestamp":"2026-07-26 14:05:00"}
{"ip":"::1","level":"info","message":"USSD_REQUEST","phoneNumber":"+265991000003","service":"mkhondechain","sessionId":"ATUid_ce25bccddbcf645a87c22a76b111d152","text":"","timestamp":"2026-07-26 14:05:13"}
{"ip":"::1","level":"info","message":"USSD_REQUEST","phoneNumber":"+265991000003","service":"mkhondechain","sessionId":"ATUid_ce25bccddbcf645a87c22a76b111d152","text":"4","timestamp":"2026-07-26 14:05:19"}
{"ip":"::1","level":"info","message":"USSD_REQUEST","phoneNumber":"+265991000003","service":"mkhondechain","sessionId":"ATUid_50c3dd2d5ab8bc094ece156f7112801c","text":"","timestamp":"2026-07-26 14:05:35"}
{"ip":"::1","level":"info","message":"USSD_REQUEST","phoneNumber":"+265991000003","service":"mkhondechain","sessionId":"ATUid_50c3dd2d5ab8bc094ece156f7112801c","text":"4","timestamp":"2026-07-26 14:05:39"}
{"ip":"::1","level":"info","message":"USSD_REQUEST","phoneNumber":"+265991000003","service":"mkhondechain","sessionId":"ATUid_50c3dd2d5ab8bc094ece156f7112801c","text":"4*4321","timestamp":"2026-07-26 14:05:44"}
{"ip":"::1","level":"info","message":"USSD_REQUEST","phoneNumber":"+265991000003","service":"mkhondechain","sessionId":"ATUid_89ba9eea3e8b3c09e118d357603a50c5","text":"","timestamp":"2026-07-26 14:06:39"}
{"ip":"::1","level":"info","message":"USSD_REQUEST","phoneNumber":"+265991000003","service":"mkhondechain","sessionId":"ATUid_89ba9eea3e8b3c09e118d357603a50c5","text":"2","timestamp":"2026-07-26 14:06:43"}
{"ip":"::1","level":"info","message":"USSD_REQUEST","phoneNumber":"+265991000003","service":"mkhondechain","sessionId":"ATUid_89ba9eea3e8b3c09e118d357603a50c5","text":"2*4321","timestamp":"2026-07-26 14:06:47"}
{"ip":"::1","level":"info","message":"USSD_REQUEST","phoneNumber":"+265991000003","service":"mkhondechain","sessionId":"ATUid_c9eab0d87171d232f051fa0ee9db55fa","text":"","timestamp":"2026-07-26 14:07:00"}
{"ip":"::1","level":"info","message":"USSD_REQUEST","phoneNumber":"+265991000003","service":"mkhondechain","sessionId":"ATUid_c9eab0d87171d232f051fa0ee9db55fa","text":"2","timestamp":"2026-07-26 14:07:04"}
{"ip":"::1","level":"info","message":"USSD_REQUEST","phoneNumber":"+265991000003","service":"mkhondechain","sessionId":"ATUid_c9eab0d87171d232f051fa0ee9db55fa","text":"2*4321","timestamp":"2026-07-26 14:07:08"}
{"ip":"::1","level":"info","message":"USSD_REQUEST","phoneNumber":"+265995049331","service":"mkhondechain","sessionId":"ATUid_bb7812dc7e25b1e64f60149f77052089","text":"","timestamp":"2026-07-26 14:09:36"}
{"ip":"::1","level":"info","message":"USSD_REQUEST","phoneNumber":"+265995049331","service":"mkhondechain","sessionId":"ATUid_bb7812dc7e25b1e64f60149f77052089","text":"2","timestamp":"2026-07-26 14:09:42"}
{"ip":"::1","level":"info","message":"USSD_REQUEST","phoneNumber":"+265995049331","service":"mkhondechain","sessionId":"ATUid_bb7812dc7e25b1e64f60149f77052089","text":"2*4321","timestamp":"2026-07-26 14:09:48"}
{"ip":"::1","level":"info","message":"USSD_REQUEST","phoneNumber":"+265995049331","service":"mkhondechain","sessionId":"ATUid_bb7812dc7e25b1e64f60149f77052089","text":"2*4321*3","timestamp":"2026-07-26 14:09:52"}
{"ip":"::1","level":"info","message":"USSD_REQUEST","phoneNumber":"+265995049331","service":"mkhondechain","sessionId":"ATUid_bb7812dc7e25b1e64f60149f77052089","text":"2*4321*3*1","timestamp":"2026-07-26 14:09:57"}
{"cost":"Sent to 1/1 Total Cost: MWK 15.0000 Message parts: 1","level":"info","message":"SMS_SENT","messageLength":106,"phone":"+265995049331","service":"mkhondechain","timestamp":"2026-07-26 14:09:59"}
{"amount":3000,"ip":"::1","level":"info","message":"USSD_TRANSACTION","phone":"+265995049331","reference":"BOR-1785067797923-5284","service":"mkhondechain","timestamp":"2026-07-26 14:09:59","type":"borrow_request"}
{"amount":3000,"level":"info","message":"MOCK_AIRTEL_DISBURSE","phoneNumber":"+265995049331","reference":"BOR-1785067797923-5284","service":"mkhondechain","timestamp":"2026-07-26 14:10:36"}
{"cost":"Sent to 1/1 Total Cost: MWK 45.0000 Message parts: 3","level":"info","message":"SMS_SENT","messageLength":322,"phone":"+265995049331","service":"mkhondechain","timestamp":"2026-07-26 14:10:38"}
{"ip":"::1","level":"info","message":"USSD_REQUEST","phoneNumber":"+265995049331","service":"mkhondechain","sessionId":"ATUid_f13de9579836617fb7581fa27d17f779","text":"","timestamp":"2026-07-26 14:10:55"}
{"ip":"::1","level":"info","message":"USSD_REQUEST","phoneNumber":"+265995049331","service":"mkhondechain","sessionId":"ATUid_f13de9579836617fb7581fa27d17f779","text":"3","timestamp":"2026-07-26 14:10:59"}
{"ip":"::1","level":"info","message":"USSD_REQUEST","phoneNumber":"+265995049331","service":"mkhondechain","sessionId":"ATUid_f13de9579836617fb7581fa27d17f779","text":"3*4321","timestamp":"2026-07-26 14:11:04"}
{"ip":"::1","level":"info","message":"USSD_REQUEST","phoneNumber":"+265995049331","service":"mkhondechain","sessionId":"ATUid_f13de9579836617fb7581fa27d17f779","text":"3*4321*3000","timestamp":"2026-07-26 14:11:14"}
{"ip":"::1","level":"info","message":"USSD_REQUEST","phoneNumber":"+265995049331","service":"mkhondechain","sessionId":"ATUid_f13de9579836617fb7581fa27d17f779","text":"3*4321*3000*1","timestamp":"2026-07-26 14:11:20"}
{"amount":3000,"level":"info","message":"MOCK_AIRTEL_CHECKOUT","phoneNumber":"+265995049331","reference":"REP-1785067880460-1667","service":"mkhondechain","timestamp":"2026-07-26 14:11:20"}
{"cost":"Sent to 1/1 Total Cost: MWK 15.0000 Message parts: 1","level":"info","message":"SMS_SENT","messageLength":92,"phone":"+265995049331","service":"mkhondechain","timestamp":"2026-07-26 14:11:22"}
{"amount":3000,"ip":"::1","level":"info","message":"USSD_TRANSACTION","phone":"+265995049331","reference":"REP-1785067880460-1667","service":"mkhondechain","timestamp":"2026-07-26 14:11:22","type":"repay"}
{"level":"info","message":"PAYMENT_GATEWAY_LOADED","provider":"Mock Airtel Money","service":"mkhondechain","timestamp":"2026-07-26 16:55:38"}
{"env":"development","level":"info","message":"SERVER_STARTED","port":"4000","service":"mkhondechain","timestamp":"2026-07-26 16:55:38"}
{"level":"info","message":"POSTGRES_CONNECTED","service":"mkhondechain","timestamp":"2026-07-26 16:55:38"}
{"closedBy":"chair99","groupId":"cms1mchsb0007cpurjlj1py8m","level":"info","memberCount":3,"message":"CYCLE_CLOSED","service":"mkhondechain","timestamp":"2026-07-26 16:57:50","totalCashPayout":42000.01}
{"level":"info","message":"PAYMENT_GATEWAY_LOADED","provider":"Mock Airtel Money","service":"mkhondechain","timestamp":"2026-07-26 17:05:36"}
{"env":"development","level":"info","message":"SERVER_STARTED","port":"4000","service":"mkhondechain","timestamp":"2026-07-26 17:05:36"}
{"level":"info","message":"POSTGRES_CONNECTED","service":"mkhondechain","timestamp":"2026-07-26 17:05:36"}
{"level":"info","message":"PAYMENT_GATEWAY_LOADED","provider":"Mock Airtel Money","service":"mkhondechain","timestamp":"2026-07-26 17:08:59"}
{"env":"development","level":"info","message":"SERVER_STARTED","port":"4000","service":"mkhondechain","timestamp":"2026-07-26 17:08:59"}
{"level":"info","message":"POSTGRES_CONNECTED","service":"mkhondechain","timestamp":"2026-07-26 17:08:59"}
{"exportedBy":"chair99","groupId":"cms1mchsb0007cpurjlj1py8m","level":"info","message":"PAYOUT_HISTORY_EXPORTED","service":"mkhondechain","timestamp":"2026-07-26 17:09:02"}
{"admin":"chair99","failed":0,"level":"info","message":"BROADCAST_SENT","recipients":3,"sent":3,"service":"mkhondechain","timestamp":"2026-07-26 19:26:37"}
{"ip":"::1","level":"info","message":"USSD_REQUEST","phoneNumber":"+265995049331","service":"mkhondechain","sessionId":"ATUid_a5b3c04c037f06537f7e544a49f04b3c","text":"","timestamp":"2026-07-26 19:39:17"}
{"ip":"::1","level":"info","message":"USSD_REQUEST","phoneNumber":"+265995049331","service":"mkhondechain","sessionId":"ATUid_a5b3c04c037f06537f7e544a49f04b3c","text":"","timestamp":"2026-07-26 19:39:18"}
{"ip":"::1","level":"warn","message":"UNAUTHORIZED_ACCESS","path":"/member/cms1mhqfa000bcpurl8f7me93","service":"mkhondechain","timestamp":"2026-07-26 19:59:55","token":"present"}
{"ip":"::1","level":"warn","message":"UNAUTHORIZED_ACCESS","path":"/member/cms1mhqfa000bcpurl8f7me93","service":"mkhondechain","timestamp":"2026-07-26 19:59:55","token":"present"}
{"admin":"chair99","ip":"::1","level":"info","message":"LOGIN_SUCCESS","service":"mkhondechain","timestamp":"2026-07-26 20:01:50"}
{"ip":"::1","level":"info","message":"USSD_REQUEST","phoneNumber":"+265882781930","service":"mkhondechain","sessionId":"ATUid_b75420715866eb6e9d5433f1751f3663","text":"","timestamp":"2026-07-26 20:51:56"}
{"ip":"::1","level":"info","message":"USSD_REQUEST","phoneNumber":"+265882781930","service":"mkhondechain","sessionId":"ATUid_b75420715866eb6e9d5433f1751f3663","text":"4","timestamp":"2026-07-26 20:52:10"}
{"ip":"::1","level":"info","message":"USSD_REQUEST","phoneNumber":"+265882781930","service":"mkhondechain","sessionId":"ATUid_b75420715866eb6e9d5433f1751f3663","text":"4*4323","timestamp":"2026-07-26 20:52:15"}
{"ip":"::1","level":"info","message":"USSD_REQUEST","phoneNumber":"+265882781930","service":"mkhondechain","sessionId":"ATUid_5b6800216f19846c5ce36b6563ffe6f6","text":"","timestamp":"2026-07-26 20:52:33"}
{"ip":"::1","level":"warn","message":"UNAUTHORIZED_ACCESS","path":"/","service":"mkhondechain","timestamp":"2026-07-26 20:54:58","token":"present"}
{"ip":"::1","level":"warn","message":"UNAUTHORIZED_ACCESS","path":"/","service":"mkhondechain","timestamp":"2026-07-26 20:54:58","token":"present"}
{"ip":"::1","level":"warn","message":"UNAUTHORIZED_ACCESS","path":"/","service":"mkhondechain","timestamp":"2026-07-26 20:54:58","token":"present"}
{"ip":"::1","level":"warn","message":"UNAUTHORIZED_ACCESS","path":"/","service":"mkhondechain","timestamp":"2026-07-26 20:54:58","token":"present"}
{"ip":"::1","level":"warn","message":"UNAUTHORIZED_ACCESS","path":"/summary","service":"mkhondechain","timestamp":"2026-07-27 04:02:42","token":"present"}
{"ip":"::1","level":"warn","message":"UNAUTHORIZED_ACCESS","path":"/","service":"mkhondechain","timestamp":"2026-07-27 08:33:42","token":"present"}
{"ip":"::1","level":"warn","message":"UNAUTHORIZED_ACCESS","path":"/stats","service":"mkhondechain","timestamp":"2026-07-27 08:33:42","token":"present"}
{"ip":"::1","level":"warn","message":"UNAUTHORIZED_ACCESS","path":"/","service":"mkhondechain","timestamp":"2026-07-27 08:33:42","token":"present"}
{"ip":"::1","level":"warn","message":"UNAUTHORIZED_ACCESS","path":"/stats","service":"mkhondechain","timestamp":"2026-07-27 08:33:42","token":"present"}
{"admin":"pkulinji","ip":"::1","level":"info","message":"LOGIN_SUCCESS","service":"mkhondechain","timestamp":"2026-07-27 08:33:50"}
{"admin":"chair99","ip":"::1","level":"info","message":"LOGIN_SUCCESS","service":"mkhondechain","timestamp":"2026-07-27 08:35:12"}
{"ip":"::1","level":"info","message":"USSD_REQUEST","phoneNumber":"+265995049331","service":"mkhondechain","sessionId":"ATUid_4cde100905897ae5c0a3e81a4f9ddc73","text":"","timestamp":"2026-07-27 11:26:48"}
{"ip":"::1","level":"warn","message":"UNAUTHORIZED_ACCESS","path":"/","service":"mkhondechain","timestamp":"2026-07-27 17:32:10","token":"present"}
{"ip":"::1","level":"warn","message":"UNAUTHORIZED_ACCESS","path":"/","service":"mkhondechain","timestamp":"2026-07-27 17:32:11","token":"present"}
{"ip":"::1","level":"warn","message":"UNAUTHORIZED_ACCESS","path":"/","service":"mkhondechain","timestamp":"2026-07-27 17:32:11","token":"present"}
{"ip":"::1","level":"warn","message":"UNAUTHORIZED_ACCESS","path":"/","service":"mkhondechain","timestamp":"2026-07-27 17:32:11","token":"present"}
{"ip":"::1","level":"warn","message":"UNAUTHORIZED_ACCESS","path":"/","service":"mkhondechain","timestamp":"2026-07-28 07:59:36","token":"present"}
{"ip":"::1","level":"warn","message":"UNAUTHORIZED_ACCESS","path":"/stats","service":"mkhondechain","timestamp":"2026-07-28 07:59:36","token":"present"}
{"ip":"::1","level":"warn","message":"UNAUTHORIZED_ACCESS","path":"/","service":"mkhondechain","timestamp":"2026-07-28 07:59:36","token":"present"}
{"ip":"::1","level":"warn","message":"UNAUTHORIZED_ACCESS","path":"/stats","service":"mkhondechain","timestamp":"2026-07-28 07:59:36","token":"present"}
{"admin":"chair99","ip":"::1","level":"info","message":"LOGIN_SUCCESS","service":"mkhondechain","timestamp":"2026-07-28 11:06:16"}
{"admin":"pkulinji","ip":"::1","level":"info","message":"LOGIN_SUCCESS","service":"mkhondechain","timestamp":"2026-07-28 11:06:27"}
{"admin":"chair99","groupId":"cms1mchsb0007cpurjlj1py8m","level":"info","memberId":"cms4fwi3e0001cpl6ytpcntgm","message":"MEMBER_CREATED","phone":"+265991000003","service":"mkhondechain","timestamp":"2026-07-28 11:14:50"}
{"admin":"chair99","groupId":"cms1mchsb0007cpurjlj1py8m","level":"info","memberId":"cms4fwzlq0003cpl6jv165p17","message":"MEMBER_CREATED","phone":"+265882781930","service":"mkhondechain","timestamp":"2026-07-28 11:15:13"}
{"admin":"chair99","groupId":"cms1mchsb0007cpurjlj1py8m","level":"info","memberId":"cms4fxery0005cpl6bjy91l4x","message":"MEMBER_CREATED","phone":"+265995049331","service":"mkhondechain","timestamp":"2026-07-28 11:15:33"}
{"ip":"::1","level":"info","message":"USSD_REQUEST","phoneNumber":"+265995049331","service":"mkhondechain","sessionId":"ATUid_f1dd3fe927d623d86eef37c6decbac83","text":"","timestamp":"2026-07-28 11:16:39"}
{"ip":"::1","level":"info","message":"USSD_REQUEST","phoneNumber":"+265995049331","service":"mkhondechain","sessionId":"ATUid_ac8b38778764eb23160dd1f57f0e83e9","text":"","timestamp":"2026-07-28 11:26:00"}
{"ip":"::1","level":"info","message":"USSD_REQUEST","phoneNumber":"+265991000003","service":"mkhondechain","sessionId":"ATUid_b4407315accfa2e8606f3b8cc5237ba1","text":"","timestamp":"2026-07-28 11:27:00"}
{"ip":"::1","level":"info","message":"USSD_REQUEST","phoneNumber":"+265991000003","service":"mkhondechain","sessionId":"ATUid_b4407315accfa2e8606f3b8cc5237ba1","text":"1234","timestamp":"2026-07-28 11:27:04"}
{"ip":"::1","level":"info","message":"USSD_REQUEST","phoneNumber":"+265991000003","service":"mkhondechain","sessionId":"ATUid_b4407315accfa2e8606f3b8cc5237ba1","text":"1234*1234","timestamp":"2026-07-28 11:27:08"}
{"ip":"::1","level":"info","message":"USSD_REQUEST","phoneNumber":"+265991000003","service":"mkhondechain","sessionId":"ATUid_b4407315accfa2e8606f3b8cc5237ba1","text":"1234*1234*4321","timestamp":"2026-07-28 11:27:14"}
{"ip":"::1","level":"info","message":"USSD_REQUEST","phoneNumber":"+265991000003","service":"mkhondechain","sessionId":"ATUid_b4407315accfa2e8606f3b8cc5237ba1","text":"1234*1234*4321*4321","timestamp":"2026-07-28 11:27:18"}
{"level":"info","memberId":"cms4fwi3e0001cpl6ytpcntgm","message":"MEMBER_PIN_SELF_CHANGED","service":"mkhondechain","timestamp":"2026-07-28 11:27:19"}
{"ip":"::1","level":"info","message":"USSD_REQUEST","phoneNumber":"+265991000003","service":"mkhondechain","sessionId":"ATUid_86c30eaa8176d5ec3214377f1a811a84","text":"","timestamp":"2026-07-28 11:27:26"}
{"ip":"::1","level":"info","message":"USSD_REQUEST","phoneNumber":"+265991000003","service":"mkhondechain","sessionId":"ATUid_86c30eaa8176d5ec3214377f1a811a84","text":"1","timestamp":"2026-07-28 11:27:36"}
{"ip":"::1","level":"info","message":"USSD_REQUEST","phoneNumber":"+265991000003","service":"mkhondechain","sessionId":"ATUid_b2bb83affc7836f42bbe6f26ec7897fe","text":"","timestamp":"2026-07-28 11:27:50"}
{"ip":"::1","level":"info","message":"USSD_REQUEST","phoneNumber":"+265991000003","service":"mkhondechain","sessionId":"ATUid_b2bb83affc7836f42bbe6f26ec7897fe","text":"1","timestamp":"2026-07-28 11:27:54"}
{"ip":"::1","level":"info","message":"USSD_REQUEST","phoneNumber":"+265991000003","service":"mkhondechain","sessionId":"ATUid_b2bb83affc7836f42bbe6f26ec7897fe","text":"1*4321","timestamp":"2026-07-28 11:27:59"}
{"ip":"::1","level":"info","message":"USSD_REQUEST","phoneNumber":"+265991000003","service":"mkhondechain","sessionId":"ATUid_b2bb83affc7836f42bbe6f26ec7897fe","text":"1*4321*40000","timestamp":"2026-07-28 11:28:04"}
{"ip":"::1","level":"info","message":"USSD_REQUEST","phoneNumber":"+265991000003","service":"mkhondechain","sessionId":"ATUid_b2bb83affc7836f42bbe6f26ec7897fe","text":"1*4321*40000*1","timestamp":"2026-07-28 11:28:08"}
{"amount":40000,"level":"info","message":"MOCK_AIRTEL_CHECKOUT","phoneNumber":"+265991000003","reference":"SAV-1785230888637-1818","service":"mkhondechain","timestamp":"2026-07-28 11:28:08"}
{"cost":"Sent to 1/1 Total Cost: MWK 15.0000 Message parts: 1","level":"info","message":"SMS_SENT","messageLength":101,"phone":"+265991000003","service":"mkhondechain","timestamp":"2026-07-28 11:28:10"}
{"amount":40000,"ip":"::1","level":"info","message":"USSD_TRANSACTION","phone":"+265991000003","reference":"SAV-1785230888637-1818","service":"mkhondechain","timestamp":"2026-07-28 11:28:10","type":"save"}
{"ip":"::1","level":"info","message":"USSD_REQUEST","phoneNumber":"+265991000003","service":"mkhondechain","sessionId":"ATUid_ba6c5c63ac931df9e776f9e01aab4d04","text":"","timestamp":"2026-07-28 11:28:40"}
{"ip":"::1","level":"info","message":"USSD_REQUEST","phoneNumber":"+265991000003","service":"mkhondechain","sessionId":"ATUid_ba6c5c63ac931df9e776f9e01aab4d04","text":"2","timestamp":"2026-07-28 11:28:44"}
{"ip":"::1","level":"info","message":"USSD_REQUEST","phoneNumber":"+265991000003","service":"mkhondechain","sessionId":"ATUid_ba6c5c63ac931df9e776f9e01aab4d04","text":"2*4321","timestamp":"2026-07-28 11:28:48"}
{"ip":"::1","level":"info","message":"USSD_REQUEST","phoneNumber":"+265991000003","service":"mkhondechain","sessionId":"ATUid_ba6c5c63ac931df9e776f9e01aab4d04","text":"2*4321*3","timestamp":"2026-07-28 11:29:00"}
{"ip":"::1","level":"info","message":"USSD_REQUEST","phoneNumber":"+265991000003","service":"mkhondechain","sessionId":"ATUid_ba6c5c63ac931df9e776f9e01aab4d04","text":"2*4321*3*1","timestamp":"2026-07-28 11:29:03"}
{"cost":"Sent to 1/1 Total Cost: MWK 15.0000 Message parts: 1","level":"info","message":"SMS_SENT","messageLength":106,"phone":"+265991000003","service":"mkhondechain","timestamp":"2026-07-28 11:29:04"}
{"amount":3000,"ip":"::1","level":"info","message":"USSD_TRANSACTION","phone":"+265991000003","reference":"BOR-1785230943217-5264","service":"mkhondechain","timestamp":"2026-07-28 11:29:04","type":"borrow_request"}
{"amount":3000,"level":"info","message":"MOCK_AIRTEL_DISBURSE","phoneNumber":"+265991000003","reference":"BOR-1785230943217-5264","service":"mkhondechain","timestamp":"2026-07-28 11:29:28"}
{"cost":"Sent to 1/1 Total Cost: MWK 45.0000 Message parts: 3","level":"info","message":"SMS_SENT","messageLength":322,"phone":"+265991000003","service":"mkhondechain","timestamp":"2026-07-28 11:29:30"}
{"ip":"::1","level":"info","message":"USSD_REQUEST","phoneNumber":"+265882781930","service":"mkhondechain","sessionId":"ATUid_2bbce753dd04f4827a3d61152bcc0f7c","text":"","timestamp":"2026-07-28 11:42:47"}
{"ip":"::1","level":"info","message":"USSD_REQUEST","phoneNumber":"+265882781930","service":"mkhondechain","sessionId":"ATUid_2bbce753dd04f4827a3d61152bcc0f7c","text":"1234","timestamp":"2026-07-28 11:42:54"}
{"ip":"::1","level":"info","message":"USSD_REQUEST","phoneNumber":"+265882781930","service":"mkhondechain","sessionId":"ATUid_2bbce753dd04f4827a3d61152bcc0f7c","text":"1234*1234","timestamp":"2026-07-28 11:42:59"}
{"ip":"::1","level":"info","message":"USSD_REQUEST","phoneNumber":"+265882781930","service":"mkhondechain","sessionId":"ATUid_2bbce753dd04f4827a3d61152bcc0f7c","text":"1234*1234*4321","timestamp":"2026-07-28 11:43:06"}
{"ip":"::1","level":"info","message":"USSD_REQUEST","phoneNumber":"+265882781930","service":"mkhondechain","sessionId":"ATUid_2bbce753dd04f4827a3d61152bcc0f7c","text":"1234*1234*4321*4321","timestamp":"2026-07-28 11:43:11"}
{"level":"info","memberId":"cms4fwzlq0003cpl6jv165p17","message":"MEMBER_PIN_SELF_CHANGED","service":"mkhondechain","timestamp":"2026-07-28 11:43:11"}
{"ip":"::1","level":"info","message":"USSD_REQUEST","phoneNumber":"+265882781930","service":"mkhondechain","sessionId":"ATUid_357564eb997029acbd9129416a4c626a","text":"","timestamp":"2026-07-28 11:43:19"}
{"ip":"::1","level":"info","message":"USSD_REQUEST","phoneNumber":"+265882781930","service":"mkhondechain","sessionId":"ATUid_357564eb997029acbd9129416a4c626a","text":"2","timestamp":"2026-07-28 11:43:28"}
{"ip":"::1","level":"info","message":"USSD_REQUEST","phoneNumber":"+265882781930","service":"mkhondechain","sessionId":"ATUid_357564eb997029acbd9129416a4c626a","text":"2*4321","timestamp":"2026-07-28 11:43:32"}
{"cycleEndDate":"2026-07-30T22:00:00.000Z","groupId":"cms1mchsb0007cpurjlj1py8m","level":"info","message":"CYCLE_STARTED","service":"mkhondechain","startedBy":"chair99","timestamp":"2026-07-28 11:44:41"}
{"closedBy":"chair99","groupId":"cms1mchsb0007cpurjlj1py8m","level":"info","memberCount":3,"message":"CYCLE_CLOSED","service":"mkhondechain","timestamp":"2026-07-28 11:45:13","totalCashPayout":37000}
{"level":"info","message":"PAYMENT_GATEWAY_LOADED","provider":"Mock Airtel Money","service":"mkhondechain","timestamp":"2026-07-28 17:39:08"}
{"env":"development","level":"info","message":"SERVER_STARTED","port":"4000","service":"mkhondechain","timestamp":"2026-07-28 17:39:08"}
{"level":"info","message":"POSTGRES_CONNECTED","service":"mkhondechain","timestamp":"2026-07-28 17:39:08"}
{"ip":"::1","level":"warn","message":"UNAUTHORIZED_ACCESS","path":"/","service":"mkhondechain","timestamp":"2026-07-28 20:14:30","token":"present"}
{"ip":"::1","level":"warn","message":"UNAUTHORIZED_ACCESS","path":"/","service":"mkhondechain","timestamp":"2026-07-28 20:14:30","token":"present"}
{"ip":"::1","level":"warn","message":"UNAUTHORIZED_ACCESS","path":"/","service":"mkhondechain","timestamp":"2026-07-28 20:14:30","token":"present"}
{"ip":"::1","level":"warn","message":"UNAUTHORIZED_ACCESS","path":"/","service":"mkhondechain","timestamp":"2026-07-28 20:14:30","token":"present"}
{"ip":"::1","level":"warn","message":"UNAUTHORIZED_ACCESS","path":"/","service":"mkhondechain","timestamp":"2026-07-28 20:14:36","token":"present"}
{"ip":"::1","level":"warn","message":"UNAUTHORIZED_ACCESS","path":"/stats","service":"mkhondechain","timestamp":"2026-07-28 20:14:36","token":"present"}
{"ip":"::1","level":"warn","message":"UNAUTHORIZED_ACCESS","path":"/","service":"mkhondechain","timestamp":"2026-07-28 20:14:36","token":"present"}
{"ip":"::1","level":"warn","message":"UNAUTHORIZED_ACCESS","path":"/stats","service":"mkhondechain","timestamp":"2026-07-28 20:14:36","token":"present"}
{"admin":"pkulinji","ip":"::1","level":"info","message":"LOGIN_SUCCESS","service":"mkhondechain","timestamp":"2026-07-28 20:15:23"}
{"admin":"chair99","ip":"::1","level":"info","message":"LOGIN_SUCCESS","service":"mkhondechain","timestamp":"2026-07-28 20:15:43"}
{"admin":"chair99","groupId":"cms1mchsb0007cpurjlj1py8m","level":"info","memberId":"cms50t2l80001cprv80s7zpw1","message":"MEMBER_CREATED","phone":"+265995049332","service":"mkhondechain","timestamp":"2026-07-28 21:00:02"}
{"ip":"::1","level":"warn","message":"UNAUTHORIZED_ACCESS","path":"/","service":"mkhondechain","timestamp":"2026-07-29 05:03:14","token":"present"}
{"ip":"::1","level":"warn","message":"UNAUTHORIZED_ACCESS","path":"/stats","service":"mkhondechain","timestamp":"2026-07-29 05:03:14","token":"present"}
{"ip":"::1","level":"warn","message":"UNAUTHORIZED_ACCESS","path":"/","service":"mkhondechain","timestamp":"2026-07-29 05:03:14","token":"present"}
{"ip":"::1","level":"warn","message":"UNAUTHORIZED_ACCESS","path":"/stats","service":"mkhondechain","timestamp":"2026-07-29 05:03:14","token":"present"}
{"ip":"::1","level":"warn","message":"UNAUTHORIZED_ACCESS","path":"/","service":"mkhondechain","timestamp":"2026-07-29 05:03:14","token":"present"}
{"ip":"::1","level":"warn","message":"UNAUTHORIZED_ACCESS","path":"/","service":"mkhondechain","timestamp":"2026-07-29 05:03:14","token":"present"}
{"ip":"::1","level":"warn","message":"UNAUTHORIZED_ACCESS","path":"/","service":"mkhondechain","timestamp":"2026-07-29 05:03:14","token":"present"}
{"ip":"::1","level":"warn","message":"UNAUTHORIZED_ACCESS","path":"/","service":"mkhondechain","timestamp":"2026-07-29 05:03:14","token":"present"}
{"admin":"chair99","ip":"::1","level":"info","message":"LOGIN_SUCCESS","service":"mkhondechain","timestamp":"2026-07-29 05:08:13"}
{"ip":"::1","level":"info","message":"USSD_REQUEST","phoneNumber":"+265995049332","service":"mkhondechain","sessionId":"ATUid_9d6eaf745d6225c425caa210c8aef943","text":"","timestamp":"2026-07-29 05:08:43"}
{"ip":"::1","level":"info","message":"USSD_REQUEST","phoneNumber":"+265995049332","service":"mkhondechain","sessionId":"ATUid_9d6eaf745d6225c425caa210c8aef943","text":"1234","timestamp":"2026-07-29 05:09:11"}
{"ip":"::1","level":"info","message":"USSD_REQUEST","phoneNumber":"+265995049332","service":"mkhondechain","sessionId":"ATUid_9d6eaf745d6225c425caa210c8aef943","text":"1234*1234","timestamp":"2026-07-29 05:09:16"}
{"ip":"::1","level":"info","message":"USSD_REQUEST","phoneNumber":"+265995049332","service":"mkhondechain","sessionId":"ATUid_9d6eaf745d6225c425caa210c8aef943","text":"1234*1234*4321","timestamp":"2026-07-29 05:09:33"}
{"ip":"::1","level":"info","message":"USSD_REQUEST","phoneNumber":"+265995049332","service":"mkhondechain","sessionId":"ATUid_9d6eaf745d6225c425caa210c8aef943","text":"1234*1234*4321*4321","timestamp":"2026-07-29 05:09:40"}
{"level":"info","memberId":"cms50t2l80001cprv80s7zpw1","message":"MEMBER_PIN_SELF_CHANGED","service":"mkhondechain","timestamp":"2026-07-29 05:09:40"}
{"ip":"::1","level":"info","message":"USSD_REQUEST","phoneNumber":"+265995049332","service":"mkhondechain","sessionId":"ATUid_15b131345844e7104e964251015c7592","text":"","timestamp":"2026-07-29 05:10:05"}
{"ip":"::1","level":"info","message":"USSD_REQUEST","phoneNumber":"+265995049332","service":"mkhondechain","sessionId":"ATUid_15b131345844e7104e964251015c7592","text":"1","timestamp":"2026-07-29 05:10:22"}
{"ip":"::1","level":"info","message":"USSD_REQUEST","phoneNumber":"+265995049332","service":"mkhondechain","sessionId":"ATUid_046570a02f536a05ef56416392ad483d","text":"","timestamp":"2026-07-29 05:10:36"}
{"ip":"::1","level":"info","message":"USSD_REQUEST","phoneNumber":"+265995049332","service":"mkhondechain","sessionId":"ATUid_046570a02f536a05ef56416392ad483d","text":"1","timestamp":"2026-07-29 05:10:39"}
{"ip":"::1","level":"info","message":"USSD_REQUEST","phoneNumber":"+265995049332","service":"mkhondechain","sessionId":"ATUid_046570a02f536a05ef56416392ad483d","text":"1*4321","timestamp":"2026-07-29 05:10:43"}
{"ip":"::1","level":"info","message":"USSD_REQUEST","phoneNumber":"+265995049332","service":"mkhondechain","sessionId":"ATUid_046570a02f536a05ef56416392ad483d","text":"1*4321*60000","timestamp":"2026-07-29 05:10:51"}
{"ip":"::1","level":"info","message":"USSD_REQUEST","phoneNumber":"+265995049332","service":"mkhondechain","sessionId":"ATUid_046570a02f536a05ef56416392ad483d","text":"1*4321*60000*1","timestamp":"2026-07-29 05:11:08"}
{"amount":60000,"level":"info","message":"MOCK_AIRTEL_CHECKOUT","phoneNumber":"+265995049332","reference":"SAV-1785294668943-7804","service":"mkhondechain","timestamp":"2026-07-29 05:11:08"}
{"cost":"Sent to 1/1 Total Cost: MWK 15.0000 Message parts: 1","level":"info","message":"SMS_SENT","messageLength":101,"phone":"+265995049332","service":"mkhondechain","timestamp":"2026-07-29 05:11:10"}
{"amount":60000,"ip":"::1","level":"info","message":"USSD_TRANSACTION","phone":"+265995049332","reference":"SAV-1785294668943-7804","service":"mkhondechain","timestamp":"2026-07-29 05:11:10","type":"save"}
{"ip":"::1","level":"info","message":"USSD_REQUEST","phoneNumber":"+265995049332","service":"mkhondechain","sessionId":"ATUid_94bff5a3823cf16bea5eafead9a6ecd0","text":"","timestamp":"2026-07-29 05:21:31"}
{"ip":"::1","level":"info","message":"USSD_REQUEST","phoneNumber":"+265995049332","service":"mkhondechain","sessionId":"ATUid_94bff5a3823cf16bea5eafead9a6ecd0","text":"3","timestamp":"2026-07-29 05:21:45"}
{"ip":"::1","level":"info","message":"USSD_REQUEST","phoneNumber":"+265995049332","service":"mkhondechain","sessionId":"ATUid_94bff5a3823cf16bea5eafead9a6ecd0","text":"3*4321","timestamp":"2026-07-29 05:21:51"}
{"ip":"::1","level":"info","message":"USSD_REQUEST","phoneNumber":"+265995049332","service":"mkhondechain","sessionId":"ATUid_d0e5e5e2fb064d829ab8b908b76c095a","text":"","timestamp":"2026-07-29 05:22:14"}
{"ip":"::1","level":"info","message":"USSD_REQUEST","phoneNumber":"+265995049332","service":"mkhondechain","sessionId":"ATUid_d0e5e5e2fb064d829ab8b908b76c095a","text":"4","timestamp":"2026-07-29 05:22:20"}
{"ip":"::1","level":"info","message":"USSD_REQUEST","phoneNumber":"+265995049332","service":"mkhondechain","sessionId":"ATUid_d0e5e5e2fb064d829ab8b908b76c095a","text":"4*4323","timestamp":"2026-07-29 05:22:30"}
{"ip":"::1","level":"info","message":"USSD_REQUEST","phoneNumber":"+265995049332","service":"mkhondechain","sessionId":"ATUid_0d2508c4cb63d6f11b0799db25766d52","text":"","timestamp":"2026-07-29 05:22:46"}
{"ip":"::1","level":"info","message":"USSD_REQUEST","phoneNumber":"+265995049332","service":"mkhondechain","sessionId":"ATUid_0d2508c4cb63d6f11b0799db25766d52","text":"4","timestamp":"2026-07-29 05:22:51"}
{"ip":"::1","level":"info","message":"USSD_REQUEST","phoneNumber":"+265995049332","service":"mkhondechain","sessionId":"ATUid_0d2508c4cb63d6f11b0799db25766d52","text":"4*4321","timestamp":"2026-07-29 05:23:00"}
{"ip":"::1","level":"info","message":"USSD_REQUEST","phoneNumber":"+265995049332","service":"mkhondechain","sessionId":"ATUid_501285bb10a5a072407481094f35feeb","text":"","timestamp":"2026-07-29 05:23:25"}
{"ip":"::1","level":"info","message":"USSD_REQUEST","phoneNumber":"+265995049332","service":"mkhondechain","sessionId":"ATUid_501285bb10a5a072407481094f35feeb","text":"2","timestamp":"2026-07-29 05:23:30"}
{"ip":"::1","level":"info","message":"USSD_REQUEST","phoneNumber":"+265995049332","service":"mkhondechain","sessionId":"ATUid_501285bb10a5a072407481094f35feeb","text":"2*4321","timestamp":"2026-07-29 05:23:35"}
{"ip":"::1","level":"info","message":"USSD_REQUEST","phoneNumber":"+265995049332","service":"mkhondechain","sessionId":"ATUid_501285bb10a5a072407481094f35feeb","text":"2*4321*4","timestamp":"2026-07-29 05:23:39"}
{"ip":"::1","level":"info","message":"USSD_REQUEST","phoneNumber":"+265995049332","service":"mkhondechain","sessionId":"ATUid_d3f9eb01d10663274b66fb51ff21ef82","text":"","timestamp":"2026-07-29 05:23:52"}
{"ip":"::1","level":"info","message":"USSD_REQUEST","phoneNumber":"+265995049332","service":"mkhondechain","sessionId":"ATUid_d3f9eb01d10663274b66fb51ff21ef82","text":"2","timestamp":"2026-07-29 05:23:56"}
{"ip":"::1","level":"info","message":"USSD_REQUEST","phoneNumber":"+265995049332","service":"mkhondechain","sessionId":"ATUid_d3f9eb01d10663274b66fb51ff21ef82","text":"2*4321","timestamp":"2026-07-29 05:24:03"}
{"ip":"::1","level":"info","message":"USSD_REQUEST","phoneNumber":"+265995049332","service":"mkhondechain","sessionId":"ATUid_d3f9eb01d10663274b66fb51ff21ef82","text":"2*4321*4","timestamp":"2026-07-29 05:24:07"}
{"ip":"::1","level":"info","message":"USSD_REQUEST","phoneNumber":"+265995049332","service":"mkhondechain","sessionId":"ATUid_715814115c7beae1b7fceaf77875ae2d","text":"","timestamp":"2026-07-29 05:24:19"}
{"ip":"::1","level":"info","message":"USSD_REQUEST","phoneNumber":"+265995049332","service":"mkhondechain","sessionId":"ATUid_715814115c7beae1b7fceaf77875ae2d","text":"2","timestamp":"2026-07-29 05:24:23"}
{"ip":"::1","level":"info","message":"USSD_REQUEST","phoneNumber":"+265995049332","service":"mkhondechain","sessionId":"ATUid_715814115c7beae1b7fceaf77875ae2d","text":"2*4321","timestamp":"2026-07-29 05:24:29"}
{"ip":"::1","level":"info","message":"USSD_REQUEST","phoneNumber":"+265995049332","service":"mkhondechain","sessionId":"ATUid_715814115c7beae1b7fceaf77875ae2d","text":"2*4321*4","timestamp":"2026-07-29 05:24:33"}
{"ip":"::1","level":"info","message":"USSD_REQUEST","phoneNumber":"+265995049332","service":"mkhondechain","sessionId":"ATUid_715814115c7beae1b7fceaf77875ae2d","text":"2*4321*4*10000","timestamp":"2026-07-29 05:24:38"}
{"ip":"::1","level":"info","message":"USSD_REQUEST","phoneNumber":"+265995049332","service":"mkhondechain","sessionId":"ATUid_715814115c7beae1b7fceaf77875ae2d","text":"2*4321*4*10000*1","timestamp":"2026-07-29 05:24:42"}
{"cost":"Sent to 1/1 Total Cost: MWK 15.0000 Message parts: 1","level":"info","message":"SMS_SENT","messageLength":107,"phone":"+265995049332","service":"mkhondechain","timestamp":"2026-07-29 05:24:43"}
{"amount":10000,"ip":"::1","level":"info","message":"USSD_TRANSACTION","phone":"+265995049332","reference":"BOR-1785295482254-1091","service":"mkhondechain","timestamp":"2026-07-29 05:24:43","type":"borrow_request"}
{"amount":10000,"level":"info","message":"MOCK_AIRTEL_DISBURSE","phoneNumber":"+265995049332","reference":"BOR-1785295482254-1091","service":"mkhondechain","timestamp":"2026-07-29 05:27:50"}
{"cost":"Sent to 1/1 Total Cost: MWK 45.0000 Message parts: 3","level":"info","message":"SMS_SENT","messageLength":324,"phone":"+265995049332","service":"mkhondechain","timestamp":"2026-07-29 05:27:52"}
{"level":"info","message":"PAYMENT_GATEWAY_LOADED","provider":"Mock Airtel Money","service":"mkhondechain","timestamp":"2026-07-29 13:52:52"}
{"env":"development","level":"info","message":"SERVER_STARTED","port":"4000","service":"mkhondechain","timestamp":"2026-07-29 13:52:52"}
{"level":"info","message":"POSTGRES_CONNECTED","service":"mkhondechain","timestamp":"2026-07-29 13:52:52"}
{"admin":"pkulinji","ip":"::1","level":"info","message":"LOGIN_SUCCESS","service":"mkhondechain","timestamp":"2026-07-29 13:53:07"}
{"ip":"::1","level":"warn","message":"UNAUTHORIZED_ACCESS","path":"/","service":"mkhondechain","timestamp":"2026-07-29 15:13:59","token":"present"}
{"ip":"::1","level":"warn","message":"UNAUTHORIZED_ACCESS","path":"/settings","service":"mkhondechain","timestamp":"2026-07-29 15:13:59","token":"present"}
{"ip":"::1","level":"warn","message":"UNAUTHORIZED_ACCESS","path":"/settings","service":"mkhondechain","timestamp":"2026-07-29 15:13:59","token":"present"}
{"ip":"::1","level":"warn","message":"UNAUTHORIZED_ACCESS","path":"/","service":"mkhondechain","timestamp":"2026-07-29 15:13:59","token":"present"}
{"ip":"::1","level":"warn","message":"UNAUTHORIZED_ACCESS","path":"/","service":"mkhondechain","timestamp":"2026-07-29 15:13:59","token":"present"}
{"ip":"::1","level":"warn","message":"UNAUTHORIZED_ACCESS","path":"/","service":"mkhondechain","timestamp":"2026-07-29 15:13:59","token":"present"}
{"admin":"chair99","ip":"::1","level":"info","message":"LOGIN_SUCCESS","service":"mkhondechain","timestamp":"2026-07-29 15:14:16"}
{"cycleEndDate":"2026-07-30T22:00:00.000Z","groupId":"cms1mchsb0007cpurjlj1py8m","level":"info","message":"CYCLE_STARTED","service":"mkhondechain","startedBy":"chair99","timestamp":"2026-07-29 15:14:34"}
{"closedBy":"chair99","groupId":"cms1mchsb0007cpurjlj1py8m","level":"info","memberCount":4,"message":"CYCLE_CLOSED","service":"mkhondechain","timestamp":"2026-07-29 15:15:38","totalCashPayout":50000}
{"level":"info","message":"PAYMENT_GATEWAY_LOADED","provider":"Mock Airtel Money","service":"mkhondechain","timestamp":"2026-07-30 21:04:44"}
{"env":"development","level":"info","message":"SERVER_STARTED","port":"4000","service":"mkhondechain","timestamp":"2026-07-30 21:04:45"}
{"level":"info","message":"POSTGRES_CONNECTED","service":"mkhondechain","timestamp":"2026-07-30 21:04:45"}
{"ip":"::1","level":"warn","message":"UNAUTHORIZED_ACCESS","path":"/reconciliation-config","service":"mkhondechain","timestamp":"2026-07-30 21:05:22","token":"present"}
{"ip":"::1","level":"warn","message":"UNAUTHORIZED_ACCESS","path":"/analytics","service":"mkhondechain","timestamp":"2026-07-30 21:05:22","token":"present"}
{"ip":"::1","level":"warn","message":"UNAUTHORIZED_ACCESS","path":"/stats","service":"mkhondechain","timestamp":"2026-07-30 21:05:22","token":"present"}
{"ip":"::1","level":"warn","message":"UNAUTHORIZED_ACCESS","path":"/reconciliation-config","service":"mkhondechain","timestamp":"2026-07-30 21:05:22","token":"present"}
{"ip":"::1","level":"warn","message":"UNAUTHORIZED_ACCESS","path":"/analytics","service":"mkhondechain","timestamp":"2026-07-30 21:05:22","token":"present"}
{"ip":"::1","level":"warn","message":"UNAUTHORIZED_ACCESS","path":"/stats","service":"mkhondechain","timestamp":"2026-07-30 21:05:22","token":"present"}
{"admin":"pkulinji","ip":"::1","level":"info","message":"LOGIN_SUCCESS","service":"mkhondechain","timestamp":"2026-07-30 21:05:26"}
{"ip":"::1","level":"warn","message":"UNAUTHORIZED_ACCESS","path":"/","service":"mkhondechain","timestamp":"2026-07-30 21:14:45","token":"present"}
{"ip":"::1","level":"warn","message":"UNAUTHORIZED_ACCESS","path":"/","service":"mkhondechain","timestamp":"2026-07-30 21:14:45","token":"present"}
{"ip":"::1","level":"warn","message":"UNAUTHORIZED_ACCESS","path":"/","service":"mkhondechain","timestamp":"2026-07-30 21:14:45","token":"present"}
{"ip":"::1","level":"warn","message":"UNAUTHORIZED_ACCESS","path":"/","service":"mkhondechain","timestamp":"2026-07-30 21:14:45","token":"present"}
